--
-- PostgreSQL database dump
--

-- Dumped from database version 14.5
-- Dumped by pg_dump version 14.5

SET statement_timeout = 0;
SET lock_timeout = 0;
SET idle_in_transaction_session_timeout = 0;
SET client_encoding = 'UTF8';
SET standard_conforming_strings = on;
SELECT pg_catalog.set_config('search_path', '', false);
SET check_function_bodies = false;
SET xmloption = content;
SET client_min_messages = warning;
SET row_security = off;

--
-- Data for Name: tbl_enterprise; Type: TABLE DATA; Schema: public; Owner: postgres
--

INSERT INTO public.tbl_enterprise (id, name, description, email, phone, mobileone, mobiletwo, enterpriseguid, capital, matriculefiscal, commercialregister, devise, nameresponsable, surnameresponsable, positionresponsable, siegeaddress, issalingwood) VALUES (5, 'SOCOFEB', 'Société Commerciale du Fer et du Bois', 'socofeb.deco@gmail.com', '71856598', '98360569', '99218866', '1e3f09a2-2cc3-4c5e-8e6b-1b58403aad10', '200000', '0040863P /A/M/ 000', '456545185151P', 'TND', 'KLABI', 'Hassen', 'Directeur', '32 - bis Route de Raoued', true) ON CONFLICT DO NOTHING;


--
-- Data for Name: tbl_person; Type: TABLE DATA; Schema: public; Owner: postgres
--

INSERT INTO public.tbl_person (id, guid, firstname, lastname, fullname, birthdate, cin, idcnss, idrole, address, birthtown, isdeleted, hiredate, firedate, creationdate, updatedate, idappuser, bankname, bankaccount, isappuser, phonenumber) VALUES (4, 'd4414582-5ecd-4dc7-8bd9-e4d67f019222', 'Lamine', 'LOUATI', 'Lamine LOUATI', '1960-02-02 19:00:00', '00663749', '882876427626', 50, 'Jarzouna', '4', false, '2000-11-30 23:00:00', '9999-12-31 20:59:59', '2024-11-17 19:40:20', '2024-11-17 18:48:56', 1, 'TIB', '5556667', false, '99218762') ON CONFLICT DO NOTHING;
INSERT INTO public.tbl_person (id, guid, firstname, lastname, fullname, birthdate, cin, idcnss, idrole, address, birthtown, isdeleted, hiredate, firedate, creationdate, updatedate, idappuser, bankname, bankaccount, isappuser, phonenumber) VALUES (5, '8c93f0ee-32ad-4d9f-a99c-2721c85f82c9', 'Nejib', 'JÂAFER', 'Nejib JÂAFER', '1983-07-06 22:00:00', '05432895', '57544690876P', 40, 'Aichoucha', '7', false, '1983-07-06 22:00:00', '2039-12-30 23:00:00', '2024-11-05 08:00:20', '2024-11-22 18:24:50', 1, 'BZ', '2993773909887', false, '99218761') ON CONFLICT DO NOTHING;
INSERT INTO public.tbl_person (id, guid, firstname, lastname, fullname, birthdate, cin, idcnss, idrole, address, birthtown, isdeleted, hiredate, firedate, creationdate, updatedate, idappuser, bankname, bankaccount, isappuser, phonenumber) VALUES (1, '447bea89-8eed-467d-be61-cf6cb08a0d10', 'Amine', 'KLABI', 'Amine KLABI', '1985-05-11 21:00:00', '07126390', '1125498AP', 20, 'Petite Ariana', '4', false, '1985-05-11 21:00:00', '1985-05-11 21:00:00', '2025-01-14 21:17:12.148137', '2025-01-14 21:16:23', 1, 'BNA', '643K', true, '99218866') ON CONFLICT DO NOTHING;
INSERT INTO public.tbl_person (id, guid, firstname, lastname, fullname, birthdate, cin, idcnss, idrole, address, birthtown, isdeleted, hiredate, firedate, creationdate, updatedate, idappuser, bankname, bankaccount, isappuser, phonenumber) VALUES (2, 'dc7136cf-e2dd-42a8-bf60-541de4d9a01a', 'Jouda', 'KHELIFA', 'Jouda KHELIFA', '1986-07-10 18:00:00', '05784471', '11548495147OA', 30, 'Aichoucha - Sidi Amor', '20', false, '2019-11-29 21:00:00', '9999-12-31 21:59:59', '2025-01-15 12:44:11.060578', '2025-01-15 12:44:09', 1, 'BNA', '21548456151851851', true, '58608043') ON CONFLICT DO NOTHING;
INSERT INTO public.tbl_person (id, guid, firstname, lastname, fullname, birthdate, cin, idcnss, idrole, address, birthtown, isdeleted, hiredate, firedate, creationdate, updatedate, idappuser, bankname, bankaccount, isappuser, phonenumber) VALUES (3, 'fe4a3e2c-f7fd-4142-bdb9-cff686d2de12', 'Monôom', 'SOLTANI', 'Monôom SOLTANI', '1993-01-06 18:00:00', '08653429', '8U88800CC89', 70, 'Raoued Plage Km 9', '2', false, '1993-01-06 18:00:00', '1993-01-06 18:00:00', '2024-11-05 08:15:51', '2025-01-16 18:32:52', 1, 'TFB', '772663773893', false, '28055410') ON CONFLICT DO NOTHING;
INSERT INTO public.tbl_person (id, guid, firstname, lastname, fullname, birthdate, cin, idcnss, idrole, address, birthtown, isdeleted, hiredate, firedate, creationdate, updatedate, idappuser, bankname, bankaccount, isappuser, phonenumber) VALUES (10, '4e38108d-4ac6-4fa1-9f17-0ba2d4cc6fa9', 'Boutheina', 'NASRI', 'Boutheina NASRI', '1986-02-13 23:00:00', '23546680', '12234556', 30, 'Borj Touil', '24', false, '2020-05-31 23:00:00', '2039-12-30 23:00:00', '2025-01-16 07:09:53', '2025-01-16 07:09:53', 1, 'BH', NULL, true, '58608041') ON CONFLICT DO NOTHING;
INSERT INTO public.tbl_person (id, guid, firstname, lastname, fullname, birthdate, cin, idcnss, idrole, address, birthtown, isdeleted, hiredate, firedate, creationdate, updatedate, idappuser, bankname, bankaccount, isappuser, phonenumber) VALUES (11, '26f6c62e-61a9-4817-8736-a05f72219521', 'Afef', 'DELLA', 'Afef DELLA', '1982-02-16 23:00:00', '06432270', '1998377736635', 20, 'Jâafer 2', '24', false, '2018-06-21 23:00:00', '2135-12-30 23:00:00', '2025-01-17 07:00:26', '2025-01-17 07:00:26', 1, 'BNA', '365747674656576', true, '99218830') ON CONFLICT DO NOTHING;


--
-- Data for Name: tbl_sales_sites; Type: TABLE DATA; Schema: public; Owner: postgres
--

INSERT INTO public.tbl_sales_sites (id, isforsale, gouvernorate, address, codepost, enterpriseid, isdeleted) VALUES (1, true, 'Ariana', 'Cité El Ghazela', '2058', 5, false) ON CONFLICT DO NOTHING;
INSERT INTO public.tbl_sales_sites (id, isforsale, gouvernorate, address, codepost, enterpriseid, isdeleted) VALUES (2, true, 'Ariana', 'Sidi Amor', '2056', 5, false) ON CONFLICT DO NOTHING;
INSERT INTO public.tbl_sales_sites (id, isforsale, gouvernorate, address, codepost, enterpriseid, isdeleted) VALUES (3, false, 'Ariana', 'Raoued Plage', '2056', 5, false) ON CONFLICT DO NOTHING;


--
-- Data for Name: tbl_app_user; Type: TABLE DATA; Schema: public; Owner: postgres
--

INSERT INTO public.tbl_app_user (id, login, passwordhash, passwordsalt, idperson, email, isactive, enterpriseid, idsalessite) VALUES (13, 'afef.della', '\x3d5a307c6fd863fa3852179a6ed5ff760eaab8f5a42ebd9b4f9eb0636437627923d9ca0840463e2689de157d6a2a631f631d5a99fa88a89fa0ab114be2ead3a6', '\x8deb732b38a47aff35ccf7adf3d58179d1c2e2a886c00b0744adf19a8bb8abc425d5ea819973b4cfa536295e0c5734f774865a1d76890fb939b2ca3ce526631337c3484fc62cb791f459f71e0c0c9794c37027a91aff60c2e7717590e21ef9a8dd78a3e65b4fa4364fb018a24459b30de4212b9e8a057f95f0dc936ebc73d9ba', 11, 'socofeb.afef@gmail.com', false, 5, 3) ON CONFLICT DO NOTHING;
INSERT INTO public.tbl_app_user (id, login, passwordhash, passwordsalt, idperson, email, isactive, enterpriseid, idsalessite) VALUES (12, 'boutheina.nasri', '\xb6cd11c730f3fe1e4b72aa1749eec3e61fed8eb529fa7262bfce1878a473aee683d269c836c066fd2faba6c30176d038394eb3dd80c4c72caf989c1394829441', '\x61fa5cee37f2966826d39d4b6f0fec7e4b7751374f519e164fd1917bd585e8bfd2f2dc0bc08adf0a617b18b2aa3bf0a8976c108bf4894a5d8fab16a9c9e8f6cd5ba13ef9b1cd03640a6b3586b3e642f12d364bc7392950e9a9643ad35c120015bfead5c5e9886ade79c85f7e0b20ff1453a15c8ba79723c87e9592a9f898fbb3', 10, 'socofeb.boutheina@gmail.com', false, 5, 1) ON CONFLICT DO NOTHING;
INSERT INTO public.tbl_app_user (id, login, passwordhash, passwordsalt, idperson, email, isactive, enterpriseid, idsalessite) VALUES (1, 'amine.klabi', '\xadd3462bbdadf5098a632f03e6044bddd3ebff6c4317f31e63133bbd719f3827646531df515182e3242d7793a62faebd4004a8ed03d0fe92b01f5f4cedd9d957', '\xe02605e0e6f84a20fd884ebf7d71e10c9a14e46dd57517a6e60d3302fa93fa97d6bc40e4c8ffac7e67c85a7c938ad9f72c91e89a4fb842783af8e5cd06d1f6eb7437223615e0fe1327e668076a9582991ce1724ee6ce30573a2beafe6c32dd33438b3e691be7401f2307a0dd35a86b8e6df0803d585b208afcb45230acd4ba80', 1, 'klabiamine@gmail.com', true, 5, 1) ON CONFLICT DO NOTHING;
INSERT INTO public.tbl_app_user (id, login, passwordhash, passwordsalt, idperson, email, isactive, enterpriseid, idsalessite) VALUES (2, 'jouda.khelifa', '\xdb2ffbb889595cee6aac68b4a47879b29fba3c85f2b5133ee4e627e23f49ff95165961b27fa6edb2443d5949a60a6e2079a8e1f392b86fda1662b5d48567afe8', '\x8287eefe4d1cef524d24aaf49d452cfa5d93be770dbd5eee05a6c3d7e6e43c044409d67f3636b5fbc13e39c58387b6e230cc3120f4c45a8f262adfed387ccf83af9e80e6655ab05992ad55b3b51388c83ec314aa5bd42618720cb7a20cd22d65246c7f6f41703a4f2cf670dc495035831f1417a30ea13e47979f7d06bdf0d48b', 2, 'socofeb.jouda@gmail.com', true, 5, 2) ON CONFLICT DO NOTHING;


--
-- Data for Name: tbl_vehicle; Type: TABLE DATA; Schema: public; Owner: postgres
--

INSERT INTO public.tbl_vehicle (id, serialnumber, brand, insurancedate, technicalvisitdate, mileage, draining, drainingdate) VALUES (6, '112 TU 3534', NULL, NULL, NULL, NULL, NULL, NULL) ON CONFLICT DO NOTHING;
INSERT INTO public.tbl_vehicle (id, serialnumber, brand, insurancedate, technicalvisitdate, mileage, draining, drainingdate) VALUES (7, '102 TU 4457', NULL, NULL, NULL, NULL, NULL, NULL) ON CONFLICT DO NOTHING;
INSERT INTO public.tbl_vehicle (id, serialnumber, brand, insurancedate, technicalvisitdate, mileage, draining, drainingdate) VALUES (8, '78 TU 3512', NULL, NULL, NULL, NULL, NULL, NULL) ON CONFLICT DO NOTHING;
INSERT INTO public.tbl_vehicle (id, serialnumber, brand, insurancedate, technicalvisitdate, mileage, draining, drainingdate) VALUES (9, '239 TU 2445', NULL, NULL, NULL, NULL, NULL, NULL) ON CONFLICT DO NOTHING;
INSERT INTO public.tbl_vehicle (id, serialnumber, brand, insurancedate, technicalvisitdate, mileage, draining, drainingdate) VALUES (10, '112 TU 4567', NULL, NULL, NULL, NULL, NULL, NULL) ON CONFLICT DO NOTHING;
INSERT INTO public.tbl_vehicle (id, serialnumber, brand, insurancedate, technicalvisitdate, mileage, draining, drainingdate) VALUES (11, '122 TU 2544', NULL, NULL, NULL, NULL, NULL, NULL) ON CONFLICT DO NOTHING;
INSERT INTO public.tbl_vehicle (id, serialnumber, brand, insurancedate, technicalvisitdate, mileage, draining, drainingdate) VALUES (12, '124 TU 2254', NULL, NULL, NULL, NULL, NULL, NULL) ON CONFLICT DO NOTHING;
INSERT INTO public.tbl_vehicle (id, serialnumber, brand, insurancedate, technicalvisitdate, mileage, draining, drainingdate) VALUES (13, '114 TU 2251', NULL, NULL, NULL, NULL, NULL, NULL) ON CONFLICT DO NOTHING;
INSERT INTO public.tbl_vehicle (id, serialnumber, brand, insurancedate, technicalvisitdate, mileage, draining, drainingdate) VALUES (14, '114 TU 2251', NULL, NULL, NULL, NULL, NULL, NULL) ON CONFLICT DO NOTHING;
INSERT INTO public.tbl_vehicle (id, serialnumber, brand, insurancedate, technicalvisitdate, mileage, draining, drainingdate) VALUES (15, '74 TU 1125', NULL, NULL, NULL, NULL, NULL, NULL) ON CONFLICT DO NOTHING;
INSERT INTO public.tbl_vehicle (id, serialnumber, brand, insurancedate, technicalvisitdate, mileage, draining, drainingdate) VALUES (16, '112 TU 2254', NULL, NULL, NULL, NULL, NULL, NULL) ON CONFLICT DO NOTHING;
INSERT INTO public.tbl_vehicle (id, serialnumber, brand, insurancedate, technicalvisitdate, mileage, draining, drainingdate) VALUES (17, '154 TU 2245', NULL, NULL, NULL, NULL, NULL, NULL) ON CONFLICT DO NOTHING;
INSERT INTO public.tbl_vehicle (id, serialnumber, brand, insurancedate, technicalvisitdate, mileage, draining, drainingdate) VALUES (18, '145 TU 5587', NULL, NULL, NULL, NULL, NULL, NULL) ON CONFLICT DO NOTHING;
INSERT INTO public.tbl_vehicle (id, serialnumber, brand, insurancedate, technicalvisitdate, mileage, draining, drainingdate) VALUES (19, '199 TU 6238', NULL, NULL, NULL, NULL, NULL, NULL) ON CONFLICT DO NOTHING;
INSERT INTO public.tbl_vehicle (id, serialnumber, brand, insurancedate, technicalvisitdate, mileage, draining, drainingdate) VALUES (20, '193 TU 5432', NULL, NULL, NULL, NULL, NULL, NULL) ON CONFLICT DO NOTHING;


--
-- Data for Name: tbl_transporter; Type: TABLE DATA; Schema: public; Owner: postgres
--

INSERT INTO public.tbl_transporter (id, firstname, lastname, fullname, vehicleid) VALUES (1, 'Fethi', 'ZOUEBI', 'Fethi ZOUEBI', 6) ON CONFLICT DO NOTHING;
INSERT INTO public.tbl_transporter (id, firstname, lastname, fullname, vehicleid) VALUES (2, 'Nizar', 'BEN AMMAR', 'Nizar BEN AMMAR', 7) ON CONFLICT DO NOTHING;
INSERT INTO public.tbl_transporter (id, firstname, lastname, fullname, vehicleid) VALUES (3, 'Hammouda', 'KOUKI', 'Hammouda KOUKI', 8) ON CONFLICT DO NOTHING;
INSERT INTO public.tbl_transporter (id, firstname, lastname, fullname, vehicleid) VALUES (4, 'Issam', 'BEN AMOR', 'Issam BEN AMOR', 9) ON CONFLICT DO NOTHING;
INSERT INTO public.tbl_transporter (id, firstname, lastname, fullname, vehicleid) VALUES (5, 'Marouene', 'LIGHTBOX', 'Marouene LIGHTBOX', 10) ON CONFLICT DO NOTHING;
INSERT INTO public.tbl_transporter (id, firstname, lastname, fullname, vehicleid) VALUES (6, 'Abdelkader', 'BEN BRAHIM', 'Abdelkader BEN BRAHIM', 11) ON CONFLICT DO NOTHING;
INSERT INTO public.tbl_transporter (id, firstname, lastname, fullname, vehicleid) VALUES (7, 'Naser', 'BOUSETTA', 'Naser BOUSETTA', 12) ON CONFLICT DO NOTHING;
INSERT INTO public.tbl_transporter (id, firstname, lastname, fullname, vehicleid) VALUES (8, 'Amine', 'KLABI', 'Amine KLABI', 13) ON CONFLICT DO NOTHING;
INSERT INTO public.tbl_transporter (id, firstname, lastname, fullname, vehicleid) VALUES (9, 'Hatem', 'KLABI', 'Hatem KLABI', 14) ON CONFLICT DO NOTHING;
INSERT INTO public.tbl_transporter (id, firstname, lastname, fullname, vehicleid) VALUES (10, 'Mondher', 'GUAFSI', 'Mondher GUAFSI', 15) ON CONFLICT DO NOTHING;
INSERT INTO public.tbl_transporter (id, firstname, lastname, fullname, vehicleid) VALUES (11, 'Mohsen', 'GUEID', 'Mohsen GUEID', 16) ON CONFLICT DO NOTHING;
INSERT INTO public.tbl_transporter (id, firstname, lastname, fullname, vehicleid) VALUES (12, 'Ali', 'TOUNSI', 'Ali TOUNSI', 17) ON CONFLICT DO NOTHING;
INSERT INTO public.tbl_transporter (id, firstname, lastname, fullname, vehicleid) VALUES (13, 'Mohamed', 'DERBEL', 'Mohamed DERBEL', 18) ON CONFLICT DO NOTHING;
INSERT INTO public.tbl_transporter (id, firstname, lastname, fullname, vehicleid) VALUES (14, 'Nejib', 'JAAFER', 'Nejib JAAFER', 19) ON CONFLICT DO NOTHING;
INSERT INTO public.tbl_transporter (id, firstname, lastname, fullname, vehicleid) VALUES (15, 'Med ali ', 'TALHAOUI', 'Med ali  TALHAOUI', 20) ON CONFLICT DO NOTHING;


--
-- Data for Name: tbl_counter_part; Type: TABLE DATA; Schema: public; Owner: postgres
--

INSERT INTO public.tbl_counter_part (id, guid, type, prefix, name, description, firstname, lastname, identitycardnumber, email, taxregistrationnumber, patentecode, address, gouvernorate, maximumdiscount, maximumsalesbar, notes, phonenumberone, phonenumbertwo, creationdate, updatedate, jobtitle, bankname, bankaccountnumber, isactive, isdeleted, updatedby, transporterid, openingbalance) VALUES (3, 'dbf0f31c-ee72-419c-8efc-eca662a46859', 3, 'STE', 'TUCOBOIS', 'Tunisie Commerce de Bois', 'Majdi', 'RBII', '', '', '051874P', '', 'Borj Louzir', '2', 5.0000, 5000.0000, '', NULL, NULL, '2024-12-06 20:21:05.684', '2024-12-06 20:21:05.684', '7', '', '', true, false, 1, 1, 0.00) ON CONFLICT DO NOTHING;
INSERT INTO public.tbl_counter_part (id, guid, type, prefix, name, description, firstname, lastname, identitycardnumber, email, taxregistrationnumber, patentecode, address, gouvernorate, maximumdiscount, maximumsalesbar, notes, phonenumberone, phonenumbertwo, creationdate, updatedate, jobtitle, bankname, bankaccountnumber, isactive, isdeleted, updatedby, transporterid, openingbalance) VALUES (16, '35bec076-61d3-4f0d-a99b-da62f1d748cc', 2, 'STE', 'PROPANN', 'Propann : le Client d''abord... !', 'Ghassen', 'BEN MASSOUD', '', 'propann@propann.com', '1254112Y /A/M/ 000', '', 'Jebel Oust', '', 0.0000, 0.0000, NULL, '98787807', '', '2026-03-11 08:39:40.13', '2026-03-11 08:39:40.13', '3', 'BIAT', '08142031041000017114', true, false, 1, NULL, 0.00) ON CONFLICT DO NOTHING;
INSERT INTO public.tbl_counter_part (id, guid, type, prefix, name, description, firstname, lastname, identitycardnumber, email, taxregistrationnumber, patentecode, address, gouvernorate, maximumdiscount, maximumsalesbar, notes, phonenumberone, phonenumbertwo, creationdate, updatedate, jobtitle, bankname, bankaccountnumber, isactive, isdeleted, updatedby, transporterid, openingbalance) VALUES (5, 'b66dabe8-847c-4f94-94ac-5344a33b0e2c', 2, 'STE', 'COGEMO', 'Comptoir Général Monastir', 'Amine', 'GHDIRI', '', '', '1234567P /A/M/ 000', '', 'Jemmel', '', 0.0000, 0.0000, NULL, '23554678', '98334671', '2024-12-11 20:14:04.41', '2024-12-11 20:14:04.41', '2', 'WIB', '22254546346665', true, false, 1, 1, 0.00) ON CONFLICT DO NOTHING;
INSERT INTO public.tbl_counter_part (id, guid, type, prefix, name, description, firstname, lastname, identitycardnumber, email, taxregistrationnumber, patentecode, address, gouvernorate, maximumdiscount, maximumsalesbar, notes, phonenumberone, phonenumbertwo, creationdate, updatedate, jobtitle, bankname, bankaccountnumber, isactive, isdeleted, updatedby, transporterid, openingbalance) VALUES (6, '659e771d-c28c-41e8-b927-1400b4a8760b', 2, 'STE', 'Stramiflex', 'Stramiflex', 'Ibrahim', 'CHOUCHÈNE', '', 'stramiflex@stramiflex.com', '1234567A /B/M/ 000', '', 'Z.I. Charguia 1 2035 Tunis Tunisie', '', 0.0000, 0.0000, NULL, '+216 29 642 320', '71 80 80 80', '2025-02-15 19:25:11.889', '2025-02-15 19:25:11.889', '3', 'NAIB', '29938837263838', true, false, 1, 1, 0.00) ON CONFLICT DO NOTHING;
INSERT INTO public.tbl_counter_part (id, guid, type, prefix, name, description, firstname, lastname, identitycardnumber, email, taxregistrationnumber, patentecode, address, gouvernorate, maximumdiscount, maximumsalesbar, notes, phonenumberone, phonenumbertwo, creationdate, updatedate, jobtitle, bankname, bankaccountnumber, isactive, isdeleted, updatedby, transporterid, openingbalance) VALUES (7, 'b5668f06-a820-4f4e-8ba3-bdd8463c7716', 2, 'STE', 'MPBS', 'Manufacture de Panneaux de Bois du Sud', 'Ahmed ', 'MEZIOU', '', 'infos@mpbs.com.tn', '1234587A /B/M/ 000', '', 'Route de Gabes Km 1.5 3003 Sfax Tunisie', '', 0.0000, 0.0000, NULL, '27 210 104', '74 468 044', '2025-02-15 19:30:39.9', '2025-02-15 19:30:39.9', '3', 'NAIB', '23445E5765657', true, false, 1, 1, 0.00) ON CONFLICT DO NOTHING;
INSERT INTO public.tbl_counter_part (id, guid, type, prefix, name, description, firstname, lastname, identitycardnumber, email, taxregistrationnumber, patentecode, address, gouvernorate, maximumdiscount, maximumsalesbar, notes, phonenumberone, phonenumbertwo, creationdate, updatedate, jobtitle, bankname, bankaccountnumber, isactive, isdeleted, updatedby, transporterid, openingbalance) VALUES (8, 'abf712b8-90f9-4bc0-a0d9-d6b8e0224eb1', 2, 'STE', 'SAARBI', 'Abderrazek el Arbi', 'Ismail', 'EL ARBI', '', 'saarbi@gmail.com', '1234456E /Z/R/ 000', '', 'Route Gremda Sfax', '', 0.0000, 0.0000, NULL, '29173564', '29177201', '2025-02-15 20:14:56.008', '2025-02-15 20:14:56.008', '1', 'TFB', '2442652534426735', true, false, 1, 1, 0.00) ON CONFLICT DO NOTHING;
INSERT INTO public.tbl_counter_part (id, guid, type, prefix, name, description, firstname, lastname, identitycardnumber, email, taxregistrationnumber, patentecode, address, gouvernorate, maximumdiscount, maximumsalesbar, notes, phonenumberone, phonenumbertwo, creationdate, updatedate, jobtitle, bankname, bankaccountnumber, isactive, isdeleted, updatedby, transporterid, openingbalance) VALUES (14, '0e0f0c75-4774-455b-a462-21f14c734801', 2, 'STE', 'BPS', 'BPS', 'Nizar', 'BEN AMOR', '', 'cnt@gmail.com', '1200007P /A/M/ 000', '', 'Charguia II', '', 0.0000, 0.0000, NULL, '54887996', '57884779', '2025-12-07 19:21:02.555', '2026-03-14 15:54:29.563', '2', 'TIB', '05687410000002587964', true, false, 1, 1, 0.00) ON CONFLICT DO NOTHING;
INSERT INTO public.tbl_counter_part (id, guid, type, prefix, name, description, firstname, lastname, identitycardnumber, email, taxregistrationnumber, patentecode, address, gouvernorate, maximumdiscount, maximumsalesbar, notes, phonenumberone, phonenumbertwo, creationdate, updatedate, jobtitle, bankname, bankaccountnumber, isactive, isdeleted, updatedby, transporterid, openingbalance) VALUES (10, 'e0b2ae0c-2947-435d-8cdf-6ae172202488', 1, 'STE', 'GK Agency', 'Geek Agency', 'Walid', 'BEN ALI', '', '', '4187965P', '', '', '1', 0.0000, 2000.0000, '', NULL, NULL, '2025-12-06 19:26:17.346', '2025-12-06 19:26:17.346', '1', '', '', true, false, 1, 1, 0.00) ON CONFLICT DO NOTHING;
INSERT INTO public.tbl_counter_part (id, guid, type, prefix, name, description, firstname, lastname, identitycardnumber, email, taxregistrationnumber, patentecode, address, gouvernorate, maximumdiscount, maximumsalesbar, notes, phonenumberone, phonenumbertwo, creationdate, updatedate, jobtitle, bankname, bankaccountnumber, isactive, isdeleted, updatedby, transporterid, openingbalance) VALUES (11, '269c610e-7873-4b17-9bdd-20e031a729cf', 1, 'STE', 'Diversio', 'Diversio', 'Mohamed', 'DERBEL', '', '', '', '', 'Cité Chaker', '2', 0.0000, 0.0000, '', '22554887', '', '2025-12-06 19:37:23.474', '2025-12-06 19:37:23.474', '1', '', '', true, false, 1, 1, 0.00) ON CONFLICT DO NOTHING;
INSERT INTO public.tbl_counter_part (id, guid, type, prefix, name, description, firstname, lastname, identitycardnumber, email, taxregistrationnumber, patentecode, address, gouvernorate, maximumdiscount, maximumsalesbar, notes, phonenumberone, phonenumbertwo, creationdate, updatedate, jobtitle, bankname, bankaccountnumber, isactive, isdeleted, updatedby, transporterid, openingbalance) VALUES (13, '84c4af21-e118-4bd9-8896-f65a63d53ba1', 1, 'MRS', '', '', 'Mourad', 'KLAI', '89774523', '', '', '', 'Km 9 Route de Raoued', '1', 0.0000, 0.0000, '', '25448796', '', '2025-12-07 07:36:26.29', '2025-12-07 07:36:26.29', '2', '', '', true, false, 1, 1, 0.00) ON CONFLICT DO NOTHING;
INSERT INTO public.tbl_counter_part (id, guid, type, prefix, name, description, firstname, lastname, identitycardnumber, email, taxregistrationnumber, patentecode, address, gouvernorate, maximumdiscount, maximumsalesbar, notes, phonenumberone, phonenumbertwo, creationdate, updatedate, jobtitle, bankname, bankaccountnumber, isactive, isdeleted, updatedby, transporterid, openingbalance) VALUES (17, '769008d7-5c56-4fca-8f12-859056b31ac1', 1, 'STE', '', '', '', '', '', '', '', '', '', '1', 0.0000, 0.0000, '', '', '', '2026-03-15 10:45:01.678', '2026-03-15 10:45:01.678', '1', '', '', true, true, 1, NULL, 0.00) ON CONFLICT DO NOTHING;
INSERT INTO public.tbl_counter_part (id, guid, type, prefix, name, description, firstname, lastname, identitycardnumber, email, taxregistrationnumber, patentecode, address, gouvernorate, maximumdiscount, maximumsalesbar, notes, phonenumberone, phonenumbertwo, creationdate, updatedate, jobtitle, bankname, bankaccountnumber, isactive, isdeleted, updatedby, transporterid, openingbalance) VALUES (15, 'c603fbf0-794b-4867-9ea2-b7201587fd08', 2, 'STE', 'CNT', 'Comptoir National de Tunisie', 'Walid', 'CNT', '', 'cnt@gmail.com', '0050879P /A/M/ 000', '', 'La Soukra', '', 0.0000, 0.0000, NULL, '65887411', '', '2025-12-07 19:22:47.524', '2025-12-07 19:22:47.524', '2', 'TSB', '00458796500000045879', true, false, 1, 1, 0.00) ON CONFLICT DO NOTHING;
INSERT INTO public.tbl_counter_part (id, guid, type, prefix, name, description, firstname, lastname, identitycardnumber, email, taxregistrationnumber, patentecode, address, gouvernorate, maximumdiscount, maximumsalesbar, notes, phonenumberone, phonenumbertwo, creationdate, updatedate, jobtitle, bankname, bankaccountnumber, isactive, isdeleted, updatedby, transporterid, openingbalance) VALUES (12, '49140f03-c0e6-40b6-ac32-1ff95b575d7f', 1, 'MRS', '', '', 'Moncef', 'AKKARI', '04879965', '', '', '', 'Sidi Amor', '2', 0.0000, 0.0000, '', '22445887', '', '2025-12-06 20:01:18.689', '2025-12-06 20:01:18.689', '2', 'TIB', '02045789965414789546', true, false, 1, 1, 500.00) ON CONFLICT DO NOTHING;
INSERT INTO public.tbl_counter_part (id, guid, type, prefix, name, description, firstname, lastname, identitycardnumber, email, taxregistrationnumber, patentecode, address, gouvernorate, maximumdiscount, maximumsalesbar, notes, phonenumberone, phonenumbertwo, creationdate, updatedate, jobtitle, bankname, bankaccountnumber, isactive, isdeleted, updatedby, transporterid, openingbalance) VALUES (1, 'ac82ea7c-1b61-45c2-b21c-b67f58d1cd2c', 1, 'MRS', '', '', 'Monji', 'AYADHI', '34556780', NULL, NULL, NULL, 'Route Raoued Km 3', '2', 5.0000, 400.0000, '', '98554321', NULL, '2024-12-02 07:37:26.28', '2024-12-02 07:37:26.28', '3', '', '', true, false, 1, 1, 0.00) ON CONFLICT DO NOTHING;
INSERT INTO public.tbl_counter_part (id, guid, type, prefix, name, description, firstname, lastname, identitycardnumber, email, taxregistrationnumber, patentecode, address, gouvernorate, maximumdiscount, maximumsalesbar, notes, phonenumberone, phonenumbertwo, creationdate, updatedate, jobtitle, bankname, bankaccountnumber, isactive, isdeleted, updatedby, transporterid, openingbalance) VALUES (4, 'b9de814f-c5a3-4aa6-a641-fb07e5c196a8', 2, 'STE', 'COTUB', 'Comptoir Tunisien de Bâtiment', 'Mohamed', 'SANNENA', '', '', '0412546P /A/M/ 000', '', 'Borj Louzir', '', 0.0000, 0.0000, NULL, '94778554', '2155487', '2024-12-06 20:42:08.41', '2026-02-22 20:03:46.017', '2', 'TIB', '4451223655448', true, false, 1, 1, 0.00) ON CONFLICT DO NOTHING;
INSERT INTO public.tbl_counter_part (id, guid, type, prefix, name, description, firstname, lastname, identitycardnumber, email, taxregistrationnumber, patentecode, address, gouvernorate, maximumdiscount, maximumsalesbar, notes, phonenumberone, phonenumbertwo, creationdate, updatedate, jobtitle, bankname, bankaccountnumber, isactive, isdeleted, updatedby, transporterid, openingbalance) VALUES (2, '3d6c7819-bd45-4f94-895e-b8cf28a134df', 1, 'MRS', '', '', 'Rchid', 'HZEMI', '66567861', NULL, NULL, NULL, 'Route Raoued Km 3', '2', 5.0000, 40000.0000, '', '9866677', NULL, '2024-12-02 11:41:31.32', '2024-12-02 11:41:31.32', '3', '', '', true, false, 1, 2, 0.00) ON CONFLICT DO NOTHING;
INSERT INTO public.tbl_counter_part (id, guid, type, prefix, name, description, firstname, lastname, identitycardnumber, email, taxregistrationnumber, patentecode, address, gouvernorate, maximumdiscount, maximumsalesbar, notes, phonenumberone, phonenumbertwo, creationdate, updatedate, jobtitle, bankname, bankaccountnumber, isactive, isdeleted, updatedby, transporterid, openingbalance) VALUES (9, 'f179ea8a-ed55-419b-827d-5bc022e12863', 1, 'STE', 'Light Box Plus', 'Light Box Plus', 'Fethi', 'LIGHBOX', '', 'ste.lightbox@gmail.com', '1570650 J/A/M 000', '', 'Borj Touil', '2', 3.0000, 10000.0000, '', NULL, NULL, '2025-04-25 11:33:32.642', '2025-04-25 11:33:32.642', '1', 'BTL', '12345678912345678916', true, false, 1, 1, 0.00) ON CONFLICT DO NOTHING;


--
-- Data for Name: tbl_account_ledger; Type: TABLE DATA; Schema: public; Owner: postgres
--

INSERT INTO public.tbl_account_ledger (id, counterpartid, transactiondate, type, relatedid, debit, credit, description, createdat, updatedat) VALUES (24, 5, '2026-03-10 15:20:02.753882', 'supplierReceipt', 303, 12695.72, 0.00, 'Movement for document SR-26-005', '2026-03-10 15:20:02.753672', '2026-03-10 15:20:02.753706') ON CONFLICT DO NOTHING;
INSERT INTO public.tbl_account_ledger (id, counterpartid, transactiondate, type, relatedid, debit, credit, description, createdat, updatedat) VALUES (25, 7, '2026-03-10 15:22:59.821941', 'supplierReceipt', 304, 12695.72, 0.00, 'Movement for document SR-26-006', '2026-03-10 15:22:59.821941', '2026-03-10 15:22:59.821941') ON CONFLICT DO NOTHING;
INSERT INTO public.tbl_account_ledger (id, counterpartid, transactiondate, type, relatedid, debit, credit, description, createdat, updatedat) VALUES (26, 7, '2026-03-10 15:24:14.612838', 'supplierReceipt', 305, 12695.72, 0.00, 'Movement for document SR-26-007', '2026-03-10 15:24:14.612666', '2026-03-10 15:24:14.612688') ON CONFLICT DO NOTHING;
INSERT INTO public.tbl_account_ledger (id, counterpartid, transactiondate, type, relatedid, debit, credit, description, createdat, updatedat) VALUES (27, 7, '2026-03-10 15:27:07.031809', 'supplierReceipt', 306, 12695.72, 0.00, 'Movement for document SR-26-008', '2026-03-10 15:27:07.031448', '2026-03-10 15:27:07.031534') ON CONFLICT DO NOTHING;
INSERT INTO public.tbl_account_ledger (id, counterpartid, transactiondate, type, relatedid, debit, credit, description, createdat, updatedat) VALUES (28, 7, '2026-03-10 15:52:43.835366', 'supplierReceipt', 307, 12695.72, 0.00, 'Movement for document SR-26-009', '2026-03-10 15:52:43.835286', '2026-03-10 15:52:43.8353') ON CONFLICT DO NOTHING;
INSERT INTO public.tbl_account_ledger (id, counterpartid, transactiondate, type, relatedid, debit, credit, description, createdat, updatedat) VALUES (29, 5, '2026-03-10 15:56:50.242163', 'supplierReceipt', 308, 14811.67, 0.00, 'Movement for document SR-26-010', '2026-03-10 15:56:50.242162', '2026-03-10 15:56:50.242162') ON CONFLICT DO NOTHING;
INSERT INTO public.tbl_account_ledger (id, counterpartid, transactiondate, type, relatedid, debit, credit, description, createdat, updatedat) VALUES (30, 7, '2026-03-10 16:01:37.438935', 'supplierReceipt', 309, 12695.72, 0.00, 'Movement for document SR-26-011', '2026-03-10 16:01:37.438724', '2026-03-10 16:01:37.438764') ON CONFLICT DO NOTHING;
INSERT INTO public.tbl_account_ledger (id, counterpartid, transactiondate, type, relatedid, debit, credit, description, createdat, updatedat) VALUES (31, 7, '2026-03-10 16:03:20.213984', 'supplierReceipt', 310, 12695.72, 0.00, 'Movement for document SR-26-012', '2026-03-10 16:03:20.213983', '2026-03-10 16:03:20.213983') ON CONFLICT DO NOTHING;
INSERT INTO public.tbl_account_ledger (id, counterpartid, transactiondate, type, relatedid, debit, credit, description, createdat, updatedat) VALUES (32, 7, '2026-03-10 16:38:48.144127', 'supplierReceipt', 311, 12695.72, 0.00, 'Movement for document SR-26-013', '2026-03-10 16:38:48.143889', '2026-03-10 16:38:48.143945') ON CONFLICT DO NOTHING;
INSERT INTO public.tbl_account_ledger (id, counterpartid, transactiondate, type, relatedid, debit, credit, description, createdat, updatedat) VALUES (37, 8, '2026-03-10 21:44:52.955702', 'supplierReceipt', 299, 95210.58, 0.00, 'Updated movement for document SR-26-001', '2026-03-10 21:44:52.955702', '2026-03-10 21:44:52.955702') ON CONFLICT DO NOTHING;
INSERT INTO public.tbl_account_ledger (id, counterpartid, transactiondate, type, relatedid, debit, credit, description, createdat, updatedat) VALUES (39, 5, '2026-03-10 21:49:28.639842', 'supplierReceipt', 316, 7344.01, 0.00, 'Updated movement for document SR-26-014', '2026-03-10 21:49:28.639841', '2026-03-10 21:49:28.639841') ON CONFLICT DO NOTHING;
INSERT INTO public.tbl_account_ledger (id, counterpartid, transactiondate, type, relatedid, debit, credit, description, createdat, updatedat) VALUES (40, 16, '2026-03-11 08:41:00.448097', 'supplierReceipt', 319, 130.44, 0.00, 'Movement for document SR-26-015', '2026-03-11 08:41:00.447782', '2026-03-11 08:41:00.447847') ON CONFLICT DO NOTHING;
INSERT INTO public.tbl_account_ledger (id, counterpartid, transactiondate, type, relatedid, debit, credit, description, createdat, updatedat) VALUES (41, 14, '2026-03-11 20:44:25.36141', 'supplierReceipt', 320, 924.63, 0.00, 'Movement for document SR-26-016', '2026-03-11 20:44:25.36123', '2026-03-11 20:44:25.361264') ON CONFLICT DO NOTHING;
INSERT INTO public.tbl_account_ledger (id, counterpartid, transactiondate, type, relatedid, debit, credit, description, createdat, updatedat) VALUES (42, 12, '2026-03-13 19:07:34.444871', 'customerDeliveryNote', 332, 1725.00, 0.00, 'Movement for document BL-26-001', '2026-03-13 19:07:34.444438', '2026-03-13 19:07:34.444505') ON CONFLICT DO NOTHING;
INSERT INTO public.tbl_account_ledger (id, counterpartid, transactiondate, type, relatedid, debit, credit, description, createdat, updatedat) VALUES (43, 12, '2026-03-15 11:23:33.969347', 'customerDeliveryNote', 336, 1475.00, 0.00, 'Movement for document BL-26-002', '2026-03-15 11:23:33.96913', '2026-03-15 11:23:33.969178') ON CONFLICT DO NOTHING;
INSERT INTO public.tbl_account_ledger (id, counterpartid, transactiondate, type, relatedid, debit, credit, description, createdat, updatedat) VALUES (44, 1, '2026-03-15 11:34:09.146259', 'customerDeliveryNote', 337, 750.00, 0.00, 'Movement for document BL-26-003', '2026-03-15 11:34:09.146258', '2026-03-15 11:34:09.146258') ON CONFLICT DO NOTHING;
INSERT INTO public.tbl_account_ledger (id, counterpartid, transactiondate, type, relatedid, debit, credit, description, createdat, updatedat) VALUES (45, 1, '2026-03-18 05:08:44.590409', 'customerDeliveryNote', 340, 278.40, 0.00, 'Movement for document BL-26-004', '2026-03-18 05:08:44.590221', '2026-03-18 05:08:44.590255') ON CONFLICT DO NOTHING;
INSERT INTO public.tbl_account_ledger (id, counterpartid, transactiondate, type, relatedid, debit, credit, description, createdat, updatedat) VALUES (46, 2, '2026-03-18 05:29:55.529977', 'customerDeliveryNote', 343, 273.60, 0.00, 'Movement for document BL-26-005', '2026-03-18 05:29:55.529977', '2026-03-18 05:29:55.529977') ON CONFLICT DO NOTHING;


--
-- Data for Name: tbl_appvariable; Type: TABLE DATA; Schema: public; Owner: postgres
--

INSERT INTO public.tbl_appvariable (id, nature, name, value, isdefault, isactive, iseditable, isdeleted) VALUES (1, 'Tva', 'Tva vente', 19.0000, true, true, false, false) ON CONFLICT DO NOTHING;
INSERT INTO public.tbl_appvariable (id, nature, name, value, isdefault, isactive, iseditable, isdeleted) VALUES (261, 'thickness', '47', 0.0470, false, true, false, false) ON CONFLICT DO NOTHING;
INSERT INTO public.tbl_appvariable (id, nature, name, value, isdefault, isactive, iseditable, isdeleted) VALUES (2, 'Taxe', 'Timbre', 1.0000, true, true, false, false) ON CONFLICT DO NOTHING;
INSERT INTO public.tbl_appvariable (id, nature, name, value, isdefault, isactive, iseditable, isdeleted) VALUES (5, 'thickness', '50', 0.0500, false, true, false, false) ON CONFLICT DO NOTHING;
INSERT INTO public.tbl_appvariable (id, nature, name, value, isdefault, isactive, iseditable, isdeleted) VALUES (6, 'Tva', 'Service', 7.0000, false, true, false, false) ON CONFLICT DO NOTHING;
INSERT INTO public.tbl_appvariable (id, nature, name, value, isdefault, isactive, iseditable, isdeleted) VALUES (7, 'Length', '270', 2.7000, false, true, false, false) ON CONFLICT DO NOTHING;
INSERT INTO public.tbl_appvariable (id, nature, name, value, isdefault, isactive, iseditable, isdeleted) VALUES (8, 'Length', '300', 3.0000, false, true, false, false) ON CONFLICT DO NOTHING;
INSERT INTO public.tbl_appvariable (id, nature, name, value, isdefault, isactive, iseditable, isdeleted) VALUES (9, 'Length', '330', 3.3000, false, true, false, false) ON CONFLICT DO NOTHING;
INSERT INTO public.tbl_appvariable (id, nature, name, value, isdefault, isactive, iseditable, isdeleted) VALUES (10, 'Length', '360', 3.6000, false, true, false, false) ON CONFLICT DO NOTHING;
INSERT INTO public.tbl_appvariable (id, nature, name, value, isdefault, isactive, iseditable, isdeleted) VALUES (11, 'Length', '390', 3.9000, false, true, false, false) ON CONFLICT DO NOTHING;
INSERT INTO public.tbl_appvariable (id, nature, name, value, isdefault, isactive, iseditable, isdeleted) VALUES (12, 'Length', '420', 4.2000, false, true, false, false) ON CONFLICT DO NOTHING;
INSERT INTO public.tbl_appvariable (id, nature, name, value, isdefault, isactive, iseditable, isdeleted) VALUES (13, 'Length', '450', 4.5000, false, true, false, false) ON CONFLICT DO NOTHING;
INSERT INTO public.tbl_appvariable (id, nature, name, value, isdefault, isactive, iseditable, isdeleted) VALUES (14, 'width', '100', 0.1000, false, true, false, false) ON CONFLICT DO NOTHING;
INSERT INTO public.tbl_appvariable (id, nature, name, value, isdefault, isactive, iseditable, isdeleted) VALUES (15, 'width', '115', 0.1150, false, true, false, false) ON CONFLICT DO NOTHING;
INSERT INTO public.tbl_appvariable (id, nature, name, value, isdefault, isactive, iseditable, isdeleted) VALUES (16, 'width', '125', 0.1250, false, true, false, false) ON CONFLICT DO NOTHING;
INSERT INTO public.tbl_appvariable (id, nature, name, value, isdefault, isactive, iseditable, isdeleted) VALUES (17, 'thickness', '38', 0.0380, false, true, false, false) ON CONFLICT DO NOTHING;
INSERT INTO public.tbl_appvariable (id, nature, name, value, isdefault, isactive, iseditable, isdeleted) VALUES (18, 'thickness', '22', 0.0220, false, true, false, false) ON CONFLICT DO NOTHING;
INSERT INTO public.tbl_appvariable (id, nature, name, value, isdefault, isactive, iseditable, isdeleted) VALUES (19, 'thickness', '23', 0.0230, false, true, false, false) ON CONFLICT DO NOTHING;
INSERT INTO public.tbl_appvariable (id, nature, name, value, isdefault, isactive, iseditable, isdeleted) VALUES (20, 'width', '150', 0.1500, false, true, false, false) ON CONFLICT DO NOTHING;
INSERT INTO public.tbl_appvariable (id, nature, name, value, isdefault, isactive, iseditable, isdeleted) VALUES (21, 'Length', '480', 4.8000, false, true, false, false) ON CONFLICT DO NOTHING;
INSERT INTO public.tbl_appvariable (id, nature, name, value, isdefault, isactive, iseditable, isdeleted) VALUES (22, 'Length', '510', 5.1000, false, true, false, false) ON CONFLICT DO NOTHING;
INSERT INTO public.tbl_appvariable (id, nature, name, value, isdefault, isactive, iseditable, isdeleted) VALUES (23, 'Length', '540', 5.4000, false, true, false, false) ON CONFLICT DO NOTHING;
INSERT INTO public.tbl_appvariable (id, nature, name, value, isdefault, isactive, iseditable, isdeleted) VALUES (24, 'Length', '570', 5.7000, false, true, false, false) ON CONFLICT DO NOTHING;
INSERT INTO public.tbl_appvariable (id, nature, name, value, isdefault, isactive, iseditable, isdeleted) VALUES (25, 'Length', '600', 6.0000, false, true, false, false) ON CONFLICT DO NOTHING;
INSERT INTO public.tbl_appvariable (id, nature, name, value, isdefault, isactive, iseditable, isdeleted) VALUES (26, 'Length', '400', 4.0000, false, true, false, false) ON CONFLICT DO NOTHING;
INSERT INTO public.tbl_appvariable (id, nature, name, value, isdefault, isactive, iseditable, isdeleted) VALUES (27, 'thickness', '25', 0.0250, false, true, false, false) ON CONFLICT DO NOTHING;
INSERT INTO public.tbl_appvariable (id, nature, name, value, isdefault, isactive, iseditable, isdeleted) VALUES (4, 'thickness', '63', 0.0630, false, true, false, false) ON CONFLICT DO NOTHING;
INSERT INTO public.tbl_appvariable (id, nature, name, value, isdefault, isactive, iseditable, isdeleted) VALUES (265, 'width', '225', 0.2250, false, true, false, false) ON CONFLICT DO NOTHING;
INSERT INTO public.tbl_appvariable (id, nature, name, value, isdefault, isactive, iseditable, isdeleted) VALUES (251, 'customerBalance', '10|{"id":10,"label":"Walid BEN ALI","lastTx":"refresh","lastTxDate":"2026-03-10T16:41:24.9306201Z"}', 0.0000, false, true, false, false) ON CONFLICT DO NOTHING;
INSERT INTO public.tbl_appvariable (id, nature, name, value, isdefault, isactive, iseditable, isdeleted) VALUES (253, 'customerBalance', '13|{"id":13,"label":"Mourad KLAI","lastTx":"refresh","lastTxDate":"2026-03-10T16:41:24.9526451Z"}', 0.0000, false, true, false, false) ON CONFLICT DO NOTHING;
INSERT INTO public.tbl_appvariable (id, nature, name, value, isdefault, isactive, iseditable, isdeleted) VALUES (257, 'supplierBalance', '4|{"id":4,"label":"COTUB","lastTx":"refresh","lastTxDate":"2026-03-10T16:41:24.9951543Z"}', 0.0000, false, true, false, false) ON CONFLICT DO NOTHING;
INSERT INTO public.tbl_appvariable (id, nature, name, value, isdefault, isactive, iseditable, isdeleted) VALUES (247, 'supplierBalance', '5|{"id":5,"label":"COGEMO","lastTx":"supplierReceipt","lastTxDate":"2026-03-10T21:49:28.6585451Z"}', -34851.3980, false, true, false, false) ON CONFLICT DO NOTHING;
INSERT INTO public.tbl_appvariable (id, nature, name, value, isdefault, isactive, iseditable, isdeleted) VALUES (266, 'supplierBalance', '16|{"id":16,"label":"PROPANN","lastTx":"supplierReceipt","lastTxDate":"2026-03-11T08:41:00.5777237Z"}', -130.4420, false, true, false, false) ON CONFLICT DO NOTHING;
INSERT INTO public.tbl_appvariable (id, nature, name, value, isdefault, isactive, iseditable, isdeleted) VALUES (259, 'supplierBalance', '14|{"id":14,"label":"BPS","lastTx":"supplierReceipt","lastTxDate":"2026-03-11T20:44:25.4384472Z"}', -924.6300, false, true, false, false) ON CONFLICT DO NOTHING;
INSERT INTO public.tbl_appvariable (id, nature, name, value, isdefault, isactive, iseditable, isdeleted) VALUES (249, 'supplierBalance', '7|{"id":7,"label":"MPBS","lastTx":"supplierOrder","lastTxDate":"2026-03-12T07:09:32.2724706Z"}', -88870.0400, false, true, false, false) ON CONFLICT DO NOTHING;
INSERT INTO public.tbl_appvariable (id, nature, name, value, isdefault, isactive, iseditable, isdeleted) VALUES (255, 'customerBalance', '12|{"id":12,"label":"Moncef AKKARI","lastTx":"customerDeliveryNote","lastTxDate":"2026-03-15T11:23:34.0674253Z"}', 3699.9979, false, true, false, false) ON CONFLICT DO NOTHING;
INSERT INTO public.tbl_appvariable (id, nature, name, value, isdefault, isactive, iseditable, isdeleted) VALUES (262, 'Length', '240', 2.4000, false, true, false, false) ON CONFLICT DO NOTHING;
INSERT INTO public.tbl_appvariable (id, nature, name, value, isdefault, isactive, iseditable, isdeleted) VALUES (267, 'width', '200', 0.2000, false, true, false, false) ON CONFLICT DO NOTHING;
INSERT INTO public.tbl_appvariable (id, nature, name, value, isdefault, isactive, iseditable, isdeleted) VALUES (268, 'width', '75', 0.0750, false, false, false, false) ON CONFLICT DO NOTHING;
INSERT INTO public.tbl_appvariable (id, nature, name, value, isdefault, isactive, iseditable, isdeleted) VALUES (263, 'Length', '180', 1.8000, false, true, false, false) ON CONFLICT DO NOTHING;
INSERT INTO public.tbl_appvariable (id, nature, name, value, isdefault, isactive, iseditable, isdeleted) VALUES (264, 'Length', '210', 2.1000, false, true, false, false) ON CONFLICT DO NOTHING;
INSERT INTO public.tbl_appvariable (id, nature, name, value, isdefault, isactive, iseditable, isdeleted) VALUES (246, 'supplierBalance', '3|{"id":3,"label":"TUCOBOIS","lastTx":"refresh","lastTxDate":"2026-03-10T16:41:24.869523Z"}', 0.0000, false, true, false, false) ON CONFLICT DO NOTHING;
INSERT INTO public.tbl_appvariable (id, nature, name, value, isdefault, isactive, iseditable, isdeleted) VALUES (248, 'supplierBalance', '6|{"id":6,"label":"Stramiflex","lastTx":"refresh","lastTxDate":"2026-03-10T16:41:24.8981095Z"}', 0.0000, false, true, false, false) ON CONFLICT DO NOTHING;
INSERT INTO public.tbl_appvariable (id, nature, name, value, isdefault, isactive, iseditable, isdeleted) VALUES (252, 'customerBalance', '11|{"id":11,"label":"Mohamed DERBEL","lastTx":"refresh","lastTxDate":"2026-03-10T16:41:24.9414969Z"}', 0.0000, false, true, false, false) ON CONFLICT DO NOTHING;
INSERT INTO public.tbl_appvariable (id, nature, name, value, isdefault, isactive, iseditable, isdeleted) VALUES (254, 'supplierBalance', '15|{"id":15,"label":"CNT","lastTx":"refresh","lastTxDate":"2026-03-10T16:41:24.9630537Z"}', 0.0000, false, true, false, false) ON CONFLICT DO NOTHING;
INSERT INTO public.tbl_appvariable (id, nature, name, value, isdefault, isactive, iseditable, isdeleted) VALUES (260, 'customerBalance', '9|{"id":9,"label":"Fethi LIGHBOX","lastTx":"refresh","lastTxDate":"2026-03-10T16:41:25.0266203Z"}', 0.0000, false, true, false, false) ON CONFLICT DO NOTHING;
INSERT INTO public.tbl_appvariable (id, nature, name, value, isdefault, isactive, iseditable, isdeleted) VALUES (250, 'supplierBalance', '8|{"id":8,"label":"SAARBI","lastTx":"supplierReceipt","lastTxDate":"2026-03-10T21:44:53.0592013Z"}', -95210.5750, false, true, false, false) ON CONFLICT DO NOTHING;
INSERT INTO public.tbl_appvariable (id, nature, name, value, isdefault, isactive, iseditable, isdeleted) VALUES (256, 'customerBalance', '1|{"id":1,"label":"Monji AYADHI","lastTx":"customerDeliveryNote","lastTxDate":"2026-03-18T05:08:44.6770681Z"}', 1028.4000, false, true, false, false) ON CONFLICT DO NOTHING;
INSERT INTO public.tbl_appvariable (id, nature, name, value, isdefault, isactive, iseditable, isdeleted) VALUES (258, 'customerBalance', '2|{"id":2,"label":"Rchid HZEMI","lastTx":"customerDeliveryNote","lastTxDate":"2026-03-18T05:29:55.5727118Z"}', 273.6000, false, true, false, false) ON CONFLICT DO NOTHING;


--
-- Data for Name: tbl_parent; Type: TABLE DATA; Schema: public; Owner: postgres
--

INSERT INTO public.tbl_parent (id, reference, description, creationdate, updatedate, isdeleted, idappuser) VALUES (2, 'MDF', 'MDF Importé', '2024-07-04 13:14:10', '2024-07-04 13:14:10', false, 1) ON CONFLICT DO NOTHING;
INSERT INTO public.tbl_parent (id, reference, description, creationdate, updatedate, isdeleted, idappuser) VALUES (7, 'CP', 'Contre Plaqué', '2024-07-04 13:38:22', '2024-07-04 13:38:22', false, 1) ON CONFLICT DO NOTHING;
INSERT INTO public.tbl_parent (id, reference, description, creationdate, updatedate, isdeleted, idappuser) VALUES (1, 'Bois', 'Bois Naturel', '2024-07-01 08:01:22', '2024-07-01 00:00:00', false, 1) ON CONFLICT DO NOTHING;
INSERT INTO public.tbl_parent (id, reference, description, creationdate, updatedate, isdeleted, idappuser) VALUES (10, 'C-CHANT', 'Couvre Chant', '2026-01-31 10:49:10', '2026-01-31 10:49:10', false, 1) ON CONFLICT DO NOTHING;
INSERT INTO public.tbl_parent (id, reference, description, creationdate, updatedate, isdeleted, idappuser) VALUES (8, 'PART', 'Particule', '2025-02-16 07:49:26', '2025-02-16 07:49:26', false, 1) ON CONFLICT DO NOTHING;


--
-- Data for Name: tbl_first_child; Type: TABLE DATA; Schema: public; Owner: postgres
--

INSERT INTO public.tbl_first_child (id, reference, description, creationdate, updatedate, isdeleted, idappuser, idparent) VALUES (3, 'MB', 'MDF Brût', '2024-07-04 14:14:15.77873', '2024-07-04 14:14:15.78048', false, 1, 2) ON CONFLICT DO NOTHING;
INSERT INTO public.tbl_first_child (id, reference, description, creationdate, updatedate, isdeleted, idappuser, idparent) VALUES (4, 'MS', 'MDF Stratifié', '2024-07-04 14:14:15.780695', '2024-07-04 14:14:15.780695', false, 1, 2) ON CONFLICT DO NOTHING;
INSERT INTO public.tbl_first_child (id, reference, description, creationdate, updatedate, isdeleted, idappuser, idparent) VALUES (9, 'CP Divers', 'Contre Plaqué Divers', '2024-07-04 13:38:22', '2024-07-04 13:38:22', false, 1, 7) ON CONFLICT DO NOTHING;
INSERT INTO public.tbl_first_child (id, reference, description, creationdate, updatedate, isdeleted, idappuser, idparent) VALUES (13, 'CP Marin', 'Contre Plaqué Marin', '2024-07-17 14:44:08', '2024-07-17 14:44:08', false, 1, 7) ON CONFLICT DO NOTHING;
INSERT INTO public.tbl_first_child (id, reference, description, creationdate, updatedate, isdeleted, idappuser, idparent) VALUES (14, 'CP Eyong', 'Contre Plaqué Eyong', '2024-07-17 14:45:39', '2024-07-17 14:45:39', false, 1, 7) ON CONFLICT DO NOTHING;
INSERT INTO public.tbl_first_child (id, reference, description, creationdate, updatedate, isdeleted, idappuser, idparent) VALUES (15, 'MP', 'MDF Plaqué', '2024-07-17 15:06:33', '2024-07-17 15:06:33', false, 1, 2) ON CONFLICT DO NOTHING;
INSERT INTO public.tbl_first_child (id, reference, description, creationdate, updatedate, isdeleted, idappuser, idparent) VALUES (16, 'CP Okumé', 'Contre Plaqué Okumé', '2024-07-17 15:28:29', '2024-07-17 15:28:29', false, 1, 7) ON CONFLICT DO NOTHING;
INSERT INTO public.tbl_first_child (id, reference, description, creationdate, updatedate, isdeleted, idappuser, idparent) VALUES (1, 'BD', 'Bois Dûr', '2024-07-01 00:00:00', '2024-07-01 00:00:00', false, 1, 1) ON CONFLICT DO NOTHING;
INSERT INTO public.tbl_first_child (id, reference, description, creationdate, updatedate, isdeleted, idappuser, idparent) VALUES (2, 'BB', 'Bois Blanc', '2024-07-01 00:00:00', '2024-07-01 00:00:00', false, 1, 1) ON CONFLICT DO NOTHING;
INSERT INTO public.tbl_first_child (id, reference, description, creationdate, updatedate, isdeleted, idappuser, idparent) VALUES (17, 'CP Plaquée', 'Contre Plaqué Plaquée', '2024-09-19 07:04:45', '2024-09-19 07:04:45', false, 1, 7) ON CONFLICT DO NOTHING;
INSERT INTO public.tbl_first_child (id, reference, description, creationdate, updatedate, isdeleted, idappuser, idparent) VALUES (18, 'PARTS', 'Particule Stratifié', '2025-02-16 07:49:26', '2025-02-16 07:49:26', false, 1, 8) ON CONFLICT DO NOTHING;
INSERT INTO public.tbl_first_child (id, reference, description, creationdate, updatedate, isdeleted, idappuser, idparent) VALUES (19, 'PARTB', 'Particule Brût', '2025-02-16 07:49:26', '2025-02-16 07:49:26', false, 1, 8) ON CONFLICT DO NOTHING;
INSERT INTO public.tbl_first_child (id, reference, description, creationdate, updatedate, isdeleted, idappuser, idparent) VALUES (12, 'BR', 'Bois Rouge', '2024-07-17 13:02:13', '2024-07-17 13:02:13', false, 1, 1) ON CONFLICT DO NOTHING;
INSERT INTO public.tbl_first_child (id, reference, description, creationdate, updatedate, isdeleted, idappuser, idparent) VALUES (20, 'CC-BL', 'Couvre Chant Blanc', '2026-01-31 10:49:10', '2026-01-31 10:49:10', false, 1, 10) ON CONFLICT DO NOTHING;
INSERT INTO public.tbl_first_child (id, reference, description, creationdate, updatedate, isdeleted, idappuser, idparent) VALUES (21, 'CC-DECOR', 'Couvre Chant Décor', '2026-01-31 10:49:10', '2026-01-31 10:49:10', false, 1, 10) ON CONFLICT DO NOTHING;


--
-- Data for Name: tbl_sell_history; Type: TABLE DATA; Schema: public; Owner: postgres
--

INSERT INTO public.tbl_sell_history (id, pricevalue, description, creationdate, updatedate, isdeleted, idarticle, idappuser) VALUES (1, 2500.0000, 'Bois Rouge Finlandais 2 eme', '2024-10-05 07:55:55.813', '2024-10-05 07:55:55.813', false, 4, 1) ON CONFLICT DO NOTHING;
INSERT INTO public.tbl_sell_history (id, pricevalue, description, creationdate, updatedate, isdeleted, idarticle, idappuser) VALUES (2, 2800.0000, 'Bois Rouge Finlandais 2 eme', '2024-10-05 08:02:03.27', '2024-10-05 08:02:03.27', false, 5, 1) ON CONFLICT DO NOTHING;
INSERT INTO public.tbl_sell_history (id, pricevalue, description, creationdate, updatedate, isdeleted, idarticle, idappuser) VALUES (3, 2850.0000, 'Bois Rouge Finlandais 50*115', '2024-10-05 11:04:42.022', '2024-10-05 11:04:42.022', false, 6, 1) ON CONFLICT DO NOTHING;
INSERT INTO public.tbl_sell_history (id, pricevalue, description, creationdate, updatedate, isdeleted, idarticle, idappuser) VALUES (4, 1680.0000, 'Bois Rouge Russe 22*100*300', '2024-10-05 15:03:22.936', '2024-10-05 15:03:22.936', false, 7, 1) ON CONFLICT DO NOTHING;
INSERT INTO public.tbl_sell_history (id, pricevalue, description, creationdate, updatedate, isdeleted, idarticle, idappuser) VALUES (5, 1550.0000, 'Bois Rouge Autrichien 23*100*300', '2024-10-05 15:14:22.91', '2024-10-05 15:14:22.91', false, 8, 1) ON CONFLICT DO NOTHING;
INSERT INTO public.tbl_sell_history (id, pricevalue, description, creationdate, updatedate, isdeleted, idarticle, idappuser) VALUES (6, 3900.0000, 'Bois Rouge Apericain', '2024-10-05 15:16:26.902', '2024-10-05 15:16:26.902', false, 9, 1) ON CONFLICT DO NOTHING;
INSERT INTO public.tbl_sell_history (id, pricevalue, description, creationdate, updatedate, isdeleted, idarticle, idappuser) VALUES (7, 1350.0000, 'Bois Blanc Finlandais ', '2024-10-05 15:21:30.562', '2024-10-05 15:21:30.562', false, 10, 1) ON CONFLICT DO NOTHING;
INSERT INTO public.tbl_sell_history (id, pricevalue, description, creationdate, updatedate, isdeleted, idarticle, idappuser) VALUES (8, 2800.0000, 'Bois rouge Finlandais', '2024-10-05 15:23:49.667', '2024-10-05 15:23:49.667', false, 11, 1) ON CONFLICT DO NOTHING;
INSERT INTO public.tbl_sell_history (id, pricevalue, description, creationdate, updatedate, isdeleted, idarticle, idappuser) VALUES (9, 2600.0000, 'Bois Rouge Suedois 63', '2024-10-05 16:59:59.345', '2024-10-05 16:59:59.345', false, 12, 1) ON CONFLICT DO NOTHING;
INSERT INTO public.tbl_sell_history (id, pricevalue, description, creationdate, updatedate, isdeleted, idarticle, idappuser) VALUES (10, 2600.0000, 'Bois rouge Finlandais 63*100', '2024-10-05 17:59:02.445', '2024-10-05 17:59:02.445', false, 2, 1) ON CONFLICT DO NOTHING;
INSERT INTO public.tbl_sell_history (id, pricevalue, description, creationdate, updatedate, isdeleted, idarticle, idappuser) VALUES (11, 2400.0000, 'Bois Rouge Finlandais', '2024-10-05 18:18:39.326', '2024-10-05 18:18:39.326', false, 3, 1) ON CONFLICT DO NOTHING;
INSERT INTO public.tbl_sell_history (id, pricevalue, description, creationdate, updatedate, isdeleted, idarticle, idappuser) VALUES (12, 2850.0000, 'Bois Rouge Fin 50*115', '2024-10-07 07:36:39.334', '2024-10-07 07:36:39.334', false, 4, 1) ON CONFLICT DO NOTHING;
INSERT INTO public.tbl_sell_history (id, pricevalue, description, creationdate, updatedate, isdeleted, idarticle, idappuser) VALUES (13, 1550.0000, 'Bois Blanc Aut 23*100', '2024-10-07 08:02:36.803', '2024-10-07 08:02:36.803', false, 7, 1) ON CONFLICT DO NOTHING;
INSERT INTO public.tbl_sell_history (id, pricevalue, description, creationdate, updatedate, isdeleted, idarticle, idappuser) VALUES (14, 2800.0000, 'Bois Rouge Finladais 63*100', '2024-10-09 11:25:29.539', '2024-10-09 11:25:29.539', false, 1, 1) ON CONFLICT DO NOTHING;
INSERT INTO public.tbl_sell_history (id, pricevalue, description, creationdate, updatedate, isdeleted, idarticle, idappuser) VALUES (15, 2600.0000, 'Bois Rouge Russe 50*115', '2024-10-09 11:28:04.21', '2024-10-09 11:28:04.21', false, 2, 1) ON CONFLICT DO NOTHING;
INSERT INTO public.tbl_sell_history (id, pricevalue, description, creationdate, updatedate, isdeleted, idarticle, idappuser) VALUES (16, 2850.0000, 'Bois Rouge SB 25*150 1CH', '2024-10-09 20:44:12.677', '2024-10-09 20:44:12.677', false, 4, 1) ON CONFLICT DO NOTHING;
INSERT INTO public.tbl_sell_history (id, pricevalue, description, creationdate, updatedate, isdeleted, idarticle, idappuser) VALUES (17, 175.0000, 'MDF Brut 18*250*185', '2024-10-10 07:09:14.197', '2024-10-10 07:09:14.197', false, 8, 1) ON CONFLICT DO NOTHING;
INSERT INTO public.tbl_sell_history (id, pricevalue, description, creationdate, updatedate, isdeleted, idarticle, idappuser) VALUES (18, 185.0000, 'MDF STR 18*250*185 2F Balance', '2024-10-10 10:27:29.972', '2024-10-10 10:27:29.972', false, 9, 1) ON CONFLICT DO NOTHING;
INSERT INTO public.tbl_sell_history (id, pricevalue, description, creationdate, updatedate, isdeleted, idarticle, idappuser) VALUES (19, 245.0000, 'MDF STR 18*280*210 STRW Vizon MAT 2F 297', '2024-10-11 09:30:13.481', '2024-10-11 09:30:13.481', false, 10, 1) ON CONFLICT DO NOTHING;
INSERT INTO public.tbl_sell_history (id, pricevalue, description, creationdate, updatedate, isdeleted, idarticle, idappuser) VALUES (20, 1680.0000, 'Bois Blanc Russe 22*100*400', '2024-10-11 09:59:57.881', '2024-10-11 09:59:57.881', false, 11, 1) ON CONFLICT DO NOTHING;
INSERT INTO public.tbl_sell_history (id, pricevalue, description, creationdate, updatedate, isdeleted, idarticle, idappuser) VALUES (21, 225.0000, 'MDF STR 18*250*185 2F Perla Blanchi 111', '2024-10-12 19:21:24.931', '2024-10-12 19:21:24.931', false, 12, 1) ON CONFLICT DO NOTHING;
INSERT INTO public.tbl_sell_history (id, pricevalue, description, creationdate, updatedate, isdeleted, idarticle, idappuser) VALUES (22, 2300.0000, 'Bois Rouge Finlandais 63*100 1 Choix', '2024-10-18 11:22:01.063', '2024-10-18 11:22:01.063', false, 1, 1) ON CONFLICT DO NOTHING;
INSERT INTO public.tbl_sell_history (id, pricevalue, description, creationdate, updatedate, isdeleted, idarticle, idappuser) VALUES (23, 2300.0000, 'Bois Rouge Finlandais 63*100 1 CH', '2024-10-18 14:17:39.272', '2024-10-18 14:17:39.272', false, 1, 1) ON CONFLICT DO NOTHING;
INSERT INTO public.tbl_sell_history (id, pricevalue, description, creationdate, updatedate, isdeleted, idarticle, idappuser) VALUES (24, 185.0000, 'MDF STR 18*250*185 2F Balance', '2024-10-19 08:00:31.142', '2024-10-19 08:00:31.142', false, 2, 1) ON CONFLICT DO NOTHING;
INSERT INTO public.tbl_sell_history (id, pricevalue, description, creationdate, updatedate, isdeleted, idarticle, idappuser) VALUES (25, 185.0000, 'MDF STR 18*250*185 2F Balance', '2024-10-19 08:00:31.098', '2024-10-19 08:00:31.098', false, 3, 1) ON CONFLICT DO NOTHING;
INSERT INTO public.tbl_sell_history (id, pricevalue, description, creationdate, updatedate, isdeleted, idarticle, idappuser) VALUES (26, 245.0000, 'MDF STR 18*280*210 2F 297', '2024-10-19 08:13:22.425', '2024-10-19 08:13:22.425', false, 4, 1) ON CONFLICT DO NOTHING;
INSERT INTO public.tbl_sell_history (id, pricevalue, description, creationdate, updatedate, isdeleted, idarticle, idappuser) VALUES (27, 245.0000, 'MDF STR 18*280*210 2F 180', '2024-10-19 08:17:20.762', '2024-10-19 08:17:20.762', false, 5, 1) ON CONFLICT DO NOTHING;
INSERT INTO public.tbl_sell_history (id, pricevalue, description, creationdate, updatedate, isdeleted, idarticle, idappuser) VALUES (28, 1630.0000, 'Bois Blanc Russe 22*100*400 ', '2024-10-19 14:06:02.112', '2024-10-19 14:06:02.112', false, 6, 1) ON CONFLICT DO NOTHING;
INSERT INTO public.tbl_sell_history (id, pricevalue, description, creationdate, updatedate, isdeleted, idarticle, idappuser) VALUES (29, 2150.0000, 'Bois Rouge Finlandais 50*125 1er Choix', '2024-10-19 14:11:56.378', '2024-10-19 14:11:56.378', false, 7, 1) ON CONFLICT DO NOTHING;
INSERT INTO public.tbl_sell_history (id, pricevalue, description, creationdate, updatedate, isdeleted, idarticle, idappuser) VALUES (30, 2380.0000, 'Bois Rouge Suédois 50*150 1er Choix', '2024-10-19 14:14:39.507', '2024-10-19 14:14:39.507', false, 8, 1) ON CONFLICT DO NOTHING;
INSERT INTO public.tbl_sell_history (id, pricevalue, description, creationdate, updatedate, isdeleted, idarticle, idappuser) VALUES (31, 2380.0000, 'Bois Rouge Finlandais 63*100 1er Choix', '2024-10-19 19:55:01.132', '2024-10-19 19:55:01.132', false, 9, 1) ON CONFLICT DO NOTHING;
INSERT INTO public.tbl_sell_history (id, pricevalue, description, creationdate, updatedate, isdeleted, idarticle, idappuser) VALUES (32, 2000.0000, 'Bois Rouge Finlandais 63*100 2 eme Choix', '2024-10-19 20:13:08.871', '2024-10-19 20:13:08.871', false, 10, 1) ON CONFLICT DO NOTHING;
INSERT INTO public.tbl_sell_history (id, pricevalue, description, creationdate, updatedate, isdeleted, idarticle, idappuser) VALUES (33, 170.0000, 'MDF BRUT 18*280*210 Importé', '2024-10-20 19:33:48.819', '2024-10-20 19:33:48.819', false, 11, 1) ON CONFLICT DO NOTHING;
INSERT INTO public.tbl_sell_history (id, pricevalue, description, creationdate, updatedate, isdeleted, idarticle, idappuser) VALUES (34, 90.0000, 'MDF STR 05*280*210 2F Balance', '2024-10-20 19:35:05.749', '2024-10-20 19:35:05.749', false, 12, 1) ON CONFLICT DO NOTHING;
INSERT INTO public.tbl_sell_history (id, pricevalue, description, creationdate, updatedate, isdeleted, idarticle, idappuser) VALUES (35, 145.0000, 'MDF BRUT 08*280*210', '2024-10-20 19:47:39.714', '2024-10-20 19:47:39.714', false, 13, 1) ON CONFLICT DO NOTHING;
INSERT INTO public.tbl_sell_history (id, pricevalue, description, creationdate, updatedate, isdeleted, idarticle, idappuser) VALUES (36, 2300.0000, 'Bois Rouge Fin 63*100 2eme Choix', '2025-02-12 10:32:37.118', '2025-02-12 10:32:37.118', false, 14, 1) ON CONFLICT DO NOTHING;
INSERT INTO public.tbl_sell_history (id, pricevalue, description, creationdate, updatedate, isdeleted, idarticle, idappuser) VALUES (37, 2580.0000, 'Bois Rouge SB 25*150 2 eme choix', '2025-02-15 20:17:26.967', '2025-02-15 20:17:26.967', false, 15, 1) ON CONFLICT DO NOTHING;
INSERT INTO public.tbl_sell_history (id, pricevalue, description, creationdate, updatedate, isdeleted, idarticle, idappuser) VALUES (38, 145.0000, 'Particule Stratifié 16*280*210 Sonoma Brillant', '2025-02-16 08:19:19.754', '2025-02-16 08:19:19.754', false, 16, 1) ON CONFLICT DO NOTHING;
INSERT INTO public.tbl_sell_history (id, pricevalue, description, creationdate, updatedate, isdeleted, idarticle, idappuser) VALUES (39, 240.0000, 'MDF STR 18*280*210 2F Noir', '2025-02-23 21:10:21.884', '2025-02-23 21:10:21.884', false, 17, 1) ON CONFLICT DO NOTHING;
INSERT INTO public.tbl_sell_history (id, pricevalue, description, creationdate, updatedate, isdeleted, idarticle, idappuser) VALUES (40, 250.0000, 'MDF STAR BUTE HARELI CEVIZ MEGA 18 MM 2.80*2.10', '2026-01-31 10:42:07.59', '2026-01-31 10:42:07.59', false, 18, 1) ON CONFLICT DO NOTHING;
INSERT INTO public.tbl_sell_history (id, pricevalue, description, creationdate, updatedate, isdeleted, idarticle, idappuser) VALUES (41, 250.0000, 'MDF STAR SYNCHRO VISON BEJ MEGA 18 MM 2.80*2.10', '2026-01-31 10:43:43.503', '2026-01-31 10:43:43.503', false, 19, 1) ON CONFLICT DO NOTHING;
INSERT INTO public.tbl_sell_history (id, pricevalue, description, creationdate, updatedate, isdeleted, idarticle, idappuser) VALUES (42, 250.0000, 'MDF STAR DERIN SEPET MEGA 18 MM 2.80*2.10', '2026-01-31 10:45:29.448', '2026-01-31 10:45:29.448', false, 20, 1) ON CONFLICT DO NOTHING;
INSERT INTO public.tbl_sell_history (id, pricevalue, description, creationdate, updatedate, isdeleted, idarticle, idappuser) VALUES (43, 0.5000, 'C-CHANT UD 22 MM 0.40', '2026-01-31 10:50:17.296', '2026-01-31 10:50:17.296', false, 21, 1) ON CONFLICT DO NOTHING;
INSERT INTO public.tbl_sell_history (id, pricevalue, description, creationdate, updatedate, isdeleted, idarticle, idappuser) VALUES (44, 0.5000, 'C-CHANT DERIN RAHLE 22 MM 0.40', '2026-01-31 10:51:58.359', '2026-01-31 10:51:58.359', false, 22, 1) ON CONFLICT DO NOTHING;
INSERT INTO public.tbl_sell_history (id, pricevalue, description, creationdate, updatedate, isdeleted, idarticle, idappuser) VALUES (45, 0.5000, 'C-CHANT GOLGE ROTA 22 MM 0.40', '2026-01-31 10:53:04.302', '2026-01-31 10:53:04.302', false, 23, 1) ON CONFLICT DO NOTHING;
INSERT INTO public.tbl_sell_history (id, pricevalue, description, creationdate, updatedate, isdeleted, idarticle, idappuser) VALUES (46, 2600.0000, 'Bois Rouge SB 25*125 1er choix', '2026-03-01 02:05:16.745', '2026-03-01 02:05:16.745', false, 24, 1) ON CONFLICT DO NOTHING;
INSERT INTO public.tbl_sell_history (id, pricevalue, description, creationdate, updatedate, isdeleted, idarticle, idappuser) VALUES (47, 250.0000, 'MDF STR STRWOOD 18*280*210 2F 181', '2026-03-05 08:58:58.354', '2026-03-05 08:58:58.354', false, 25, 1) ON CONFLICT DO NOTHING;
INSERT INTO public.tbl_sell_history (id, pricevalue, description, creationdate, updatedate, isdeleted, idarticle, idappuser) VALUES (48, 165.0000, 'MDF STR STAR DERIN RAHLE 6 MM 280*210 - 291', '2026-03-07 16:46:43.249', '2026-03-07 16:46:43.249', false, 26, 1) ON CONFLICT DO NOTHING;
INSERT INTO public.tbl_sell_history (id, pricevalue, description, creationdate, updatedate, isdeleted, idarticle, idappuser) VALUES (49, 250.0000, 'MDF STR STAR TEXTILE FABRIC MEGA 18 MM 280*210-62', '2026-03-07 16:53:35.69', '2026-03-07 16:53:35.69', false, 27, 1) ON CONFLICT DO NOTHING;
INSERT INTO public.tbl_sell_history (id, pricevalue, description, creationdate, updatedate, isdeleted, idarticle, idappuser) VALUES (50, 250.0000, 'MDF STR STAR METALIK COLKUME BRILL MEGA 18 MM 280*210-93', '2026-03-07 16:56:48.384', '2026-03-07 16:56:48.384', false, 28, 1) ON CONFLICT DO NOTHING;
INSERT INTO public.tbl_sell_history (id, pricevalue, description, creationdate, updatedate, isdeleted, idarticle, idappuser) VALUES (51, 250.0000, 'MDF STR STAR KEPI EBRU MEGA 18 MM 280*210-181', '2026-03-07 16:58:33.462', '2026-03-07 16:58:33.462', false, 29, 1) ON CONFLICT DO NOTHING;
INSERT INTO public.tbl_sell_history (id, pricevalue, description, creationdate, updatedate, isdeleted, idarticle, idappuser) VALUES (52, 250.0000, 'MDF STR STAR DERIN TESBIH MEGA 18 MM 280*210 - 291', '2026-03-07 17:01:46.229', '2026-03-07 17:01:46.229', false, 30, 1) ON CONFLICT DO NOTHING;
INSERT INTO public.tbl_sell_history (id, pricevalue, description, creationdate, updatedate, isdeleted, idarticle, idappuser) VALUES (53, 250.0000, 'MDF STR STAR DERIN RAHLE MEGA 18 MM 280*210- 291', '2026-03-07 17:03:28.625', '2026-03-07 17:03:28.625', false, 31, 1) ON CONFLICT DO NOTHING;
INSERT INTO public.tbl_sell_history (id, pricevalue, description, creationdate, updatedate, isdeleted, idarticle, idappuser) VALUES (54, 255.0000, 'MDF STR STAR METALIK ROUGE BRILL MEGA 18 MM 280*210 - 49', '2026-03-07 17:06:04.999', '2026-03-07 17:06:04.999', false, 32, 1) ON CONFLICT DO NOTHING;
INSERT INTO public.tbl_sell_history (id, pricevalue, description, creationdate, updatedate, isdeleted, idarticle, idappuser) VALUES (55, 2400.0000, 'BOIS ROUGE SUED VIDA 47*150 I', '2026-03-07 17:10:39.233', '2026-03-07 17:10:39.233', false, 33, 1) ON CONFLICT DO NOTHING;
INSERT INTO public.tbl_sell_history (id, pricevalue, description, creationdate, updatedate, isdeleted, idarticle, idappuser) VALUES (56, 2850.0000, 'BOIS ROUGE SUED ATA 25*150 I SB', '2026-03-07 17:15:51.937', '2026-03-07 17:15:51.937', false, 34, 1) ON CONFLICT DO NOTHING;
INSERT INTO public.tbl_sell_history (id, pricevalue, description, creationdate, updatedate, isdeleted, idarticle, idappuser) VALUES (57, 2850.0000, 'BOIS ROUGE SUED SODRA 38*225 I', '2026-03-07 17:22:05.233', '2026-03-07 17:22:05.233', false, 35, 1) ON CONFLICT DO NOTHING;
INSERT INTO public.tbl_sell_history (id, pricevalue, description, creationdate, updatedate, isdeleted, idarticle, idappuser) VALUES (58, 250.0000, 'MDF STR STAR MINIATURE MEGA 18 MM 280*210 - ', '2026-03-07 20:13:34.544', '2026-03-07 20:13:34.544', false, 36, 1) ON CONFLICT DO NOTHING;
INSERT INTO public.tbl_sell_history (id, pricevalue, description, creationdate, updatedate, isdeleted, idarticle, idappuser) VALUES (59, 2550.0000, 'BOIS ROUGE FINL METSA 63*100 I', '2026-03-07 20:15:40.04', '2026-03-07 20:15:40.04', false, 37, 1) ON CONFLICT DO NOTHING;
INSERT INTO public.tbl_sell_history (id, pricevalue, description, creationdate, updatedate, isdeleted, idarticle, idappuser) VALUES (60, 160.0000, 'PART STR MPBS CANYON 16 MM 280*210 - 2241', '2026-03-07 20:42:50.181', '2026-03-07 20:42:50.181', false, 38, 1) ON CONFLICT DO NOTHING;
INSERT INTO public.tbl_sell_history (id, pricevalue, description, creationdate, updatedate, isdeleted, idarticle, idappuser) VALUES (61, 140.0000, 'PART STR MPBS SONOM BR 16*280*210 - 2755', '2026-03-07 20:47:00.112', '2026-03-07 20:47:00.112', false, 39, 1) ON CONFLICT DO NOTHING;
INSERT INTO public.tbl_sell_history (id, pricevalue, description, creationdate, updatedate, isdeleted, idarticle, idappuser) VALUES (62, 140.0000, 'PART STR MPBS BALANCE BRILLANT', '2026-03-07 20:48:20.004', '2026-03-07 20:48:20.004', false, 40, 1) ON CONFLICT DO NOTHING;
INSERT INTO public.tbl_sell_history (id, pricevalue, description, creationdate, updatedate, isdeleted, idarticle, idappuser) VALUES (63, 250.0000, 'MDF STR STAR MINIATURE MEGA 18MM - 297', '2026-03-09 13:26:48.61', '2026-03-09 13:26:48.61', false, 45, 1) ON CONFLICT DO NOTHING;
INSERT INTO public.tbl_sell_history (id, pricevalue, description, creationdate, updatedate, isdeleted, idarticle, idappuser) VALUES (64, 230.0000, 'MDF STR MPBS CASHMIR BR 18MM - 2905', '2026-03-10 08:42:40.581', '2026-03-10 08:42:40.581', false, 46, 1) ON CONFLICT DO NOTHING;
INSERT INTO public.tbl_sell_history (id, pricevalue, description, creationdate, updatedate, isdeleted, idarticle, idappuser) VALUES (65, 160.0000, 'PART STR MPBS 16MM - NOIR', '2026-03-10 14:57:11.865', '2026-03-10 14:57:11.865', false, 47, 1) ON CONFLICT DO NOTHING;
INSERT INTO public.tbl_sell_history (id, pricevalue, description, creationdate, updatedate, isdeleted, idarticle, idappuser) VALUES (66, 160.0000, 'COUVRE CHANT PROP 20/10 22*80 ML BLANC JASMIN', '2026-03-11 08:31:53.44', '2026-03-11 08:31:53.44', false, 48, 1) ON CONFLICT DO NOTHING;
INSERT INTO public.tbl_sell_history (id, pricevalue, description, creationdate, updatedate, isdeleted, idarticle, idappuser) VALUES (67, 0.5000, 'COUVRE CHANT 04/10 Larg 22 BLANC MAT', '2026-03-11 20:43:15.296', '2026-03-11 20:43:15.296', false, 49, 1) ON CONFLICT DO NOTHING;
INSERT INTO public.tbl_sell_history (id, pricevalue, description, creationdate, updatedate, isdeleted, idarticle, idappuser) VALUES (68, 2400.0000, 'BOIS ROUGE FIN 25*100', '2026-03-18 05:03:30.362', '2026-03-18 05:03:30.362', false, 50, 1) ON CONFLICT DO NOTHING;


--
-- Data for Name: tbl_article; Type: TABLE DATA; Schema: public; Owner: postgres
--

INSERT INTO public.tbl_article (id, reference, description, iswood, unit, sellprice_ht, sellprice_ttc, lastpurchaseprice_ttc, creationdate, updatedate, minquantity, isdeleted, profitmarginpercentage, lengths, idsellhistory, idtva, idwidth, idthickness, idcategory, idsubcategory, idappuser) VALUES (15, 'RSB2-25150', 'Bois Rouge SB 25*150 2 eme choix', true, 'M3 ', 2168.0670, 2580.0000, 0.0000, '2026-03-10 09:01:25.714', '2026-03-10 09:01:25.714', 5.4000, false, 15.00, '[270, 390, 360, 330, 300, 480, 420, 450, 540, 510]', 37, 1, 20, 27, 1, 12, 1) ON CONFLICT DO NOTHING;
INSERT INTO public.tbl_article (id, reference, description, iswood, unit, sellprice_ht, sellprice_ttc, lastpurchaseprice_ttc, creationdate, updatedate, minquantity, isdeleted, profitmarginpercentage, lengths, idsellhistory, idtva, idwidth, idthickness, idcategory, idsubcategory, idappuser) VALUES (10, 'RF2-63100', 'Bois Rouge Finlandais 63*100 2eme Choix', true, 'M3 ', 1680.6720, 2000.0000, 0.0000, '2024-10-19 20:13:08.871', '2024-10-19 20:13:08.871', 4.5000, true, 27.00, '270, 390, 360, 330, 300, 480, 450, 420, 570, 540, 510', 32, 1, 14, 4, 1, 12, 1) ON CONFLICT DO NOTHING;
INSERT INTO public.tbl_article (id, reference, description, iswood, unit, sellprice_ht, sellprice_ttc, lastpurchaseprice_ttc, creationdate, updatedate, minquantity, isdeleted, profitmarginpercentage, lengths, idsellhistory, idtva, idwidth, idthickness, idcategory, idsubcategory, idappuser) VALUES (34, 'RSB1-25150-ATA', 'BOIS ROUGE SUED ATA 25*150 I SB', true, 'M3 ', 2394.9580, 2850.0000, 0.0000, '2026-03-09 08:19:23.759', '2026-03-09 08:19:23.759', 3.0000, false, 15.00, '[330, 360, 390]', 56, 1, 20, 27, 1, 12, 1) ON CONFLICT DO NOTHING;
INSERT INTO public.tbl_article (id, reference, description, iswood, unit, sellprice_ht, sellprice_ttc, lastpurchaseprice_ttc, creationdate, updatedate, minquantity, isdeleted, profitmarginpercentage, lengths, idsellhistory, idtva, idwidth, idthickness, idcategory, idsubcategory, idappuser) VALUES (16, 'PS16280210SONBRILL', 'Particule Stratifié 16*280*210 Sonoma Brillant', false, 'PCS', 121.8490, 145.0000, 0.0000, '2026-03-10 09:01:51.987', '2026-03-10 09:01:51.987', 30.0000, false, 15.00, NULL, 38, 1, NULL, NULL, 8, 18, 1) ON CONFLICT DO NOTHING;
INSERT INTO public.tbl_article (id, reference, description, iswood, unit, sellprice_ht, sellprice_ttc, lastpurchaseprice_ttc, creationdate, updatedate, minquantity, isdeleted, profitmarginpercentage, lengths, idsellhistory, idtva, idwidth, idthickness, idcategory, idsubcategory, idappuser) VALUES (4, 'MS18280210-2F297', 'MDF STR 18*280*210 2F 297', false, 'PCS', 205.8820, 245.0000, 0.0000, '2026-03-10 09:02:02.892', '2026-03-10 09:02:02.892', 60.0000, false, 15.00, NULL, 26, 1, NULL, NULL, 2, 4, 1) ON CONFLICT DO NOTHING;
INSERT INTO public.tbl_article (id, reference, description, iswood, unit, sellprice_ht, sellprice_ttc, lastpurchaseprice_ttc, creationdate, updatedate, minquantity, isdeleted, profitmarginpercentage, lengths, idsellhistory, idtva, idwidth, idthickness, idcategory, idsubcategory, idappuser) VALUES (21, 'C0422STAR-72', 'C-CHANT UD 22 MM 0.40', false, 'ML ', 0.4200, 0.5000, 0.0000, '2026-01-31 10:50:17.296', '2026-01-31 10:50:17.296', 600.0000, false, NULL, NULL, 43, 1, NULL, NULL, 10, 21, 1) ON CONFLICT DO NOTHING;
INSERT INTO public.tbl_article (id, reference, description, iswood, unit, sellprice_ht, sellprice_ttc, lastpurchaseprice_ttc, creationdate, updatedate, minquantity, isdeleted, profitmarginpercentage, lengths, idsellhistory, idtva, idwidth, idthickness, idcategory, idsubcategory, idappuser) VALUES (17, 'MS18282Noir', 'MDF STR 18*280*210 2F Noir', false, 'PCS', 201.6810, 240.0000, 0.0000, '2025-02-23 21:10:21.884', '2025-02-23 21:10:21.884', 30.0000, false, 12.00, NULL, 39, 1, NULL, NULL, 2, 4, 1) ON CONFLICT DO NOTHING;
INSERT INTO public.tbl_article (id, reference, description, iswood, unit, sellprice_ht, sellprice_ttc, lastpurchaseprice_ttc, creationdate, updatedate, minquantity, isdeleted, profitmarginpercentage, lengths, idsellhistory, idtva, idwidth, idthickness, idcategory, idsubcategory, idappuser) VALUES (23, 'C0422STAR-', 'C-CHANT GOLGE ROTA 22 MM 0.40', false, 'ML ', 0.4200, 0.5000, 0.0000, '2026-01-31 10:53:04.302', '2026-01-31 10:53:04.302', 600.0000, false, NULL, NULL, 45, 1, NULL, NULL, 10, 21, 1) ON CONFLICT DO NOTHING;
INSERT INTO public.tbl_article (id, reference, description, iswood, unit, sellprice_ht, sellprice_ttc, lastpurchaseprice_ttc, creationdate, updatedate, minquantity, isdeleted, profitmarginpercentage, lengths, idsellhistory, idtva, idwidth, idthickness, idcategory, idsubcategory, idappuser) VALUES (1, 'RF1-63100', 'Bois Rouge Finlandais 63*100 1er Choix', true, 'M3 ', 1932.7730, 2300.0000, 0.0000, '2024-10-18 14:17:39.272', '2024-10-18 14:17:39.272', 5.5000, false, 15.00, '270, 390, 360, 330, 300, 480, 450, 420, 570, 540, 510', 23, 1, 14, 4, 1, 12, 1) ON CONFLICT DO NOTHING;
INSERT INTO public.tbl_article (id, reference, description, iswood, unit, sellprice_ht, sellprice_ttc, lastpurchaseprice_ttc, creationdate, updatedate, minquantity, isdeleted, profitmarginpercentage, lengths, idsellhistory, idtva, idwidth, idthickness, idcategory, idsubcategory, idappuser) VALUES (22, 'C0422STAR-297', 'C-CHANT DERIN RAHLE 22 MM 0.40', false, 'ML ', 0.4200, 0.5000, 0.0000, '2026-03-10 09:02:13.165', '2026-03-10 09:02:13.165', 600.0000, false, 15.00, NULL, 44, 1, NULL, NULL, 10, 21, 1) ON CONFLICT DO NOTHING;
INSERT INTO public.tbl_article (id, reference, description, iswood, unit, sellprice_ht, sellprice_ttc, lastpurchaseprice_ttc, creationdate, updatedate, minquantity, isdeleted, profitmarginpercentage, lengths, idsellhistory, idtva, idwidth, idthickness, idcategory, idsubcategory, idappuser) VALUES (11, 'MB18280210', 'MDF BRUT 18*280*210 Importé', false, 'PCS', 142.8570, 170.0000, 0.0000, '2024-10-20 19:33:48.819', '2024-10-20 19:33:48.819', 30.0000, false, 15.00, NULL, 33, 1, NULL, NULL, 2, 3, 1) ON CONFLICT DO NOTHING;
INSERT INTO public.tbl_article (id, reference, description, iswood, unit, sellprice_ht, sellprice_ttc, lastpurchaseprice_ttc, creationdate, updatedate, minquantity, isdeleted, profitmarginpercentage, lengths, idsellhistory, idtva, idwidth, idthickness, idcategory, idsubcategory, idappuser) VALUES (24, 'RSB125-125', 'Bois Rouge SB 25*125 1er choix', true, 'M3 ', 2184.8740, 2600.0000, 0.0000, '2026-03-01 02:05:16.745', '2026-03-01 02:05:16.745', 3.5000, false, NULL, '[540, 570, 420, 450, 480, 300, 330, 360, 390, 270, 510]', 46, 1, 16, 27, 1, 12, 1) ON CONFLICT DO NOTHING;
INSERT INTO public.tbl_article (id, reference, description, iswood, unit, sellprice_ht, sellprice_ttc, lastpurchaseprice_ttc, creationdate, updatedate, minquantity, isdeleted, profitmarginpercentage, lengths, idsellhistory, idtva, idwidth, idthickness, idcategory, idsubcategory, idappuser) VALUES (13, 'MB08280210', 'MDF BRUT 08*280*210 Importé', false, 'PCS', 121.8490, 145.0000, 0.0000, '2024-10-20 19:47:39.714', '2024-10-20 19:47:39.714', 40.0000, false, 15.00, NULL, 35, 1, NULL, NULL, 2, 3, 1) ON CONFLICT DO NOTHING;
INSERT INTO public.tbl_article (id, reference, description, iswood, unit, sellprice_ht, sellprice_ttc, lastpurchaseprice_ttc, creationdate, updatedate, minquantity, isdeleted, profitmarginpercentage, lengths, idsellhistory, idtva, idwidth, idthickness, idcategory, idsubcategory, idappuser) VALUES (8, 'RS1-50*150', 'Bois Rouge Suédois 50*150 1er Choix', true, 'M3 ', 2000.0000, 2380.0000, 0.0000, '2024-10-19 14:14:39.507', '2024-10-19 14:14:39.507', 4.5000, false, 20.00, '300, 330, 360, 390, 450, 480, 540', 30, 1, 20, 5, 1, 12, 1) ON CONFLICT DO NOTHING;
INSERT INTO public.tbl_article (id, reference, description, iswood, unit, sellprice_ht, sellprice_ttc, lastpurchaseprice_ttc, creationdate, updatedate, minquantity, isdeleted, profitmarginpercentage, lengths, idsellhistory, idtva, idwidth, idthickness, idcategory, idsubcategory, idappuser) VALUES (2, 'MS18280210-2FBAL', 'MDF STR 18*280*210 2F Balance', false, 'PCS', 159.6640, 190.0000, 0.0000, '2024-10-19 08:00:31.142', '2025-06-17 06:41:30.888', 60.0000, false, 13.00, NULL, 24, 1, NULL, NULL, 2, 4, 1) ON CONFLICT DO NOTHING;
INSERT INTO public.tbl_article (id, reference, description, iswood, unit, sellprice_ht, sellprice_ttc, lastpurchaseprice_ttc, creationdate, updatedate, minquantity, isdeleted, profitmarginpercentage, lengths, idsellhistory, idtva, idwidth, idthickness, idcategory, idsubcategory, idappuser) VALUES (12, 'MS05280210', 'MDF STR 05*280*210 2F Balance', false, 'PCS', 79.8320, 95.0000, 0.0000, '2024-10-20 19:35:05.749', '2025-06-17 06:41:47.993', 120.0000, false, 15.00, NULL, 34, 1, NULL, NULL, 2, 4, 1) ON CONFLICT DO NOTHING;
INSERT INTO public.tbl_article (id, reference, description, iswood, unit, sellprice_ht, sellprice_ttc, lastpurchaseprice_ttc, creationdate, updatedate, minquantity, isdeleted, profitmarginpercentage, lengths, idsellhistory, idtva, idwidth, idthickness, idcategory, idsubcategory, idappuser) VALUES (6, 'BBR-22*100*400', 'Bois Blanc Russe 22*100*400 ', true, 'M3 ', 1411.7650, 1680.0000, 0.0000, '2024-10-19 14:06:02.112', '2025-06-17 06:42:26.232', 4.5000, false, 15.00, '400', 28, 1, 14, 18, 1, 2, 1) ON CONFLICT DO NOTHING;
INSERT INTO public.tbl_article (id, reference, description, iswood, unit, sellprice_ht, sellprice_ttc, lastpurchaseprice_ttc, creationdate, updatedate, minquantity, isdeleted, profitmarginpercentage, lengths, idsellhistory, idtva, idwidth, idthickness, idcategory, idsubcategory, idappuser) VALUES (25, 'MS18282181', 'MDF STR STRWOOD 18*280*210 2F 181', false, 'PCS', 210.0840, 250.0000, 0.0000, '2026-03-05 08:58:58.354', '2026-03-05 08:58:58.354', 30.0000, false, NULL, NULL, 47, 1, NULL, NULL, 2, 4, 1) ON CONFLICT DO NOTHING;
INSERT INTO public.tbl_article (id, reference, description, iswood, unit, sellprice_ht, sellprice_ttc, lastpurchaseprice_ttc, creationdate, updatedate, minquantity, isdeleted, profitmarginpercentage, lengths, idsellhistory, idtva, idwidth, idthickness, idcategory, idsubcategory, idappuser) VALUES (7, 'RF1-50125', 'Bois Rouge Finlandais 50*125 1er Choix', true, 'M3 ', 1806.7230, 2150.0000, 0.0000, '2024-10-19 14:11:56.378', '2024-10-19 14:11:56.378', 4.5000, false, 24.00, '390, 420, 360, 300', 29, 1, 16, 5, 1, 12, 1) ON CONFLICT DO NOTHING;
INSERT INTO public.tbl_article (id, reference, description, iswood, unit, sellprice_ht, sellprice_ttc, lastpurchaseprice_ttc, creationdate, updatedate, minquantity, isdeleted, profitmarginpercentage, lengths, idsellhistory, idtva, idwidth, idthickness, idcategory, idsubcategory, idappuser) VALUES (14, 'RF263100', 'Bois Rouge Fin 63*100 2eme Choix', true, 'M3 ', 2184.8740, 2600.0000, 0.0000, '2025-02-12 10:32:37.118', '2025-12-16 14:48:10.569', 4.5000, false, NULL, '510, 540, 420, 570, 450, 480, 300, 330, 360, 390, 270', 36, 1, 14, 4, 1, 12, 1) ON CONFLICT DO NOTHING;
INSERT INTO public.tbl_article (id, reference, description, iswood, unit, sellprice_ht, sellprice_ttc, lastpurchaseprice_ttc, creationdate, updatedate, minquantity, isdeleted, profitmarginpercentage, lengths, idsellhistory, idtva, idwidth, idthickness, idcategory, idsubcategory, idappuser) VALUES (18, 'MS18280210STAR-72', 'MDF STAR BUTE HARELI CEVIZ MEGA 18 MM 2.80*2.10', false, 'PCS', 210.0840, 250.0000, 0.0000, '2026-01-31 10:42:07.59', '2026-01-31 10:42:07.59', 30.0000, false, NULL, NULL, 40, 1, NULL, NULL, 2, 4, 1) ON CONFLICT DO NOTHING;
INSERT INTO public.tbl_article (id, reference, description, iswood, unit, sellprice_ht, sellprice_ttc, lastpurchaseprice_ttc, creationdate, updatedate, minquantity, isdeleted, profitmarginpercentage, lengths, idsellhistory, idtva, idwidth, idthickness, idcategory, idsubcategory, idappuser) VALUES (19, 'MS18280210-170MAT', 'MDF STR STAR SYNCHRO VISON BEJ MEGA MAT 18 MM - 170', false, 'PCS', 210.0840, 250.0000, 0.0000, '2026-03-09 15:59:31.026', '2026-03-09 15:59:31.026', 30.0000, false, NULL, NULL, 41, 1, NULL, NULL, 2, 4, 1) ON CONFLICT DO NOTHING;
INSERT INTO public.tbl_article (id, reference, description, iswood, unit, sellprice_ht, sellprice_ttc, lastpurchaseprice_ttc, creationdate, updatedate, minquantity, isdeleted, profitmarginpercentage, lengths, idsellhistory, idtva, idwidth, idthickness, idcategory, idsubcategory, idappuser) VALUES (26, 'MS06280210-291', 'MDF STR STAR DERIN RAHLE 6 MM 280*210 - 291', false, 'PCS', 138.6550, 165.0000, 0.0000, '2026-03-07 16:46:43.249', '2026-03-07 16:46:43.249', 20.0000, false, 12.00, NULL, 48, 1, NULL, NULL, 2, 4, 1) ON CONFLICT DO NOTHING;
INSERT INTO public.tbl_article (id, reference, description, iswood, unit, sellprice_ht, sellprice_ttc, lastpurchaseprice_ttc, creationdate, updatedate, minquantity, isdeleted, profitmarginpercentage, lengths, idsellhistory, idtva, idwidth, idthickness, idcategory, idsubcategory, idappuser) VALUES (31, 'MS18280210-291', 'MDF STR STAR DERIN RAHLE MEGA 18 MM 280*210- 291', false, 'PCS', 210.0840, 250.0000, 0.0000, '2026-03-07 17:03:28.625', '2026-03-07 17:03:28.625', 30.0000, false, 15.00, NULL, 53, 1, NULL, NULL, 2, 4, 1) ON CONFLICT DO NOTHING;
INSERT INTO public.tbl_article (id, reference, description, iswood, unit, sellprice_ht, sellprice_ttc, lastpurchaseprice_ttc, creationdate, updatedate, minquantity, isdeleted, profitmarginpercentage, lengths, idsellhistory, idtva, idwidth, idthickness, idcategory, idsubcategory, idappuser) VALUES (27, 'MS18280210-62', 'MDF STR STAR TEXTILE FABRIC MEGA 18 MM 280*210-62', false, 'PCS', 210.0840, 250.0000, 0.0000, '2026-03-07 16:53:35.69', '2026-03-07 16:53:35.69', 30.0000, false, 15.00, NULL, 49, 1, NULL, NULL, 2, 4, 1) ON CONFLICT DO NOTHING;
INSERT INTO public.tbl_article (id, reference, description, iswood, unit, sellprice_ht, sellprice_ttc, lastpurchaseprice_ttc, creationdate, updatedate, minquantity, isdeleted, profitmarginpercentage, lengths, idsellhistory, idtva, idwidth, idthickness, idcategory, idsubcategory, idappuser) VALUES (28, 'MS18280210-93', 'MDF STR STAR METALIK COLKUME BRILL MEGA 18 MM 280*210-93', false, 'PCS', 210.0840, 250.0000, 0.0000, '2026-03-07 16:56:48.384', '2026-03-07 16:56:48.384', 30.0000, false, 15.00, NULL, 50, 1, NULL, NULL, 2, 4, 1) ON CONFLICT DO NOTHING;
INSERT INTO public.tbl_article (id, reference, description, iswood, unit, sellprice_ht, sellprice_ttc, lastpurchaseprice_ttc, creationdate, updatedate, minquantity, isdeleted, profitmarginpercentage, lengths, idsellhistory, idtva, idwidth, idthickness, idcategory, idsubcategory, idappuser) VALUES (29, 'MS18280210-181', 'MDF STR STAR KEPI EBRU MEGA 18 MM 280*210-181', false, 'PCS', 210.0840, 250.0000, 0.0000, '2026-03-07 16:58:33.462', '2026-03-07 16:58:33.462', 30.0000, false, 15.00, NULL, 51, 1, NULL, NULL, 2, 4, 1) ON CONFLICT DO NOTHING;
INSERT INTO public.tbl_article (id, reference, description, iswood, unit, sellprice_ht, sellprice_ttc, lastpurchaseprice_ttc, creationdate, updatedate, minquantity, isdeleted, profitmarginpercentage, lengths, idsellhistory, idtva, idwidth, idthickness, idcategory, idsubcategory, idappuser) VALUES (30, 'MS18280210-282', 'MDF STR STAR DERIN TESBIH MEGA 18 MM 280*210 - 291', false, 'PCS', 210.0840, 250.0000, 0.0000, '2026-03-07 17:01:46.229', '2026-03-07 17:01:46.229', 30.0000, false, 15.00, NULL, 52, 1, NULL, NULL, 2, 4, 1) ON CONFLICT DO NOTHING;
INSERT INTO public.tbl_article (id, reference, description, iswood, unit, sellprice_ht, sellprice_ttc, lastpurchaseprice_ttc, creationdate, updatedate, minquantity, isdeleted, profitmarginpercentage, lengths, idsellhistory, idtva, idwidth, idthickness, idcategory, idsubcategory, idappuser) VALUES (32, 'MS18280210-49', 'MDF STR STAR METALIK ROUGE BRILL MEGA 18 MM 280*210 - 49', false, 'PCS', 214.2860, 255.0000, 0.0000, '2026-03-07 17:06:04.999', '2026-03-07 17:06:04.999', 30.0000, false, 15.00, NULL, 54, 1, NULL, NULL, 2, 4, 1) ON CONFLICT DO NOTHING;
INSERT INTO public.tbl_article (id, reference, description, iswood, unit, sellprice_ht, sellprice_ttc, lastpurchaseprice_ttc, creationdate, updatedate, minquantity, isdeleted, profitmarginpercentage, lengths, idsellhistory, idtva, idwidth, idthickness, idcategory, idsubcategory, idappuser) VALUES (45, 'MS-18280210-297', 'MDF STR STAR MINIATURE MEGA 18MM - 297', false, 'PCS', 210.0840, 250.0000, 0.0000, '2026-03-09 13:26:48.61', '2026-03-09 13:26:48.61', 30.0000, false, 15.00, NULL, 63, 1, NULL, NULL, 2, 4, 1) ON CONFLICT DO NOTHING;
INSERT INTO public.tbl_article (id, reference, description, iswood, unit, sellprice_ht, sellprice_ttc, lastpurchaseprice_ttc, creationdate, updatedate, minquantity, isdeleted, profitmarginpercentage, lengths, idsellhistory, idtva, idwidth, idthickness, idcategory, idsubcategory, idappuser) VALUES (33, 'RS1-47150-VIDA', 'BOIS ROUGE SUED VIDA 47*150 I', true, 'M3 ', 2016.8070, 2400.0000, 0.0000, '2026-03-09 08:18:42.098', '2026-03-09 08:18:42.098', 1.0000, false, 15.00, '[240, 270, 300, 330, 360, 390]', 55, 1, 20, 261, 1, 12, 1) ON CONFLICT DO NOTHING;
INSERT INTO public.tbl_article (id, reference, description, iswood, unit, sellprice_ht, sellprice_ttc, lastpurchaseprice_ttc, creationdate, updatedate, minquantity, isdeleted, profitmarginpercentage, lengths, idsellhistory, idtva, idwidth, idthickness, idcategory, idsubcategory, idappuser) VALUES (36, 'MS18280210-min', 'MDF STR STAR MINIATURE MEGA 18 MM 280*210 - ', false, 'PCS', 210.0840, 250.0000, 0.0000, '2026-03-07 20:13:34.544', '2026-03-07 20:13:34.544', 30.0000, false, 15.00, NULL, 58, 1, NULL, NULL, 2, 4, 1) ON CONFLICT DO NOTHING;
INSERT INTO public.tbl_article (id, reference, description, iswood, unit, sellprice_ht, sellprice_ttc, lastpurchaseprice_ttc, creationdate, updatedate, minquantity, isdeleted, profitmarginpercentage, lengths, idsellhistory, idtva, idwidth, idthickness, idcategory, idsubcategory, idappuser) VALUES (46, 'MS18280210-2905', 'MDF STR MPBS CASHMIR BR 18MM - 2905', false, 'PCS', 193.2770, 230.0000, 0.0000, '2026-03-10 08:42:40.581', '2026-03-10 08:42:40.581', 30.0000, false, 15.00, NULL, 64, 1, NULL, NULL, 2, 4, 1) ON CONFLICT DO NOTHING;
INSERT INTO public.tbl_article (id, reference, description, iswood, unit, sellprice_ht, sellprice_ttc, lastpurchaseprice_ttc, creationdate, updatedate, minquantity, isdeleted, profitmarginpercentage, lengths, idsellhistory, idtva, idwidth, idthickness, idcategory, idsubcategory, idappuser) VALUES (38, 'PS-16280210-2241', 'PART STR MPBS CANYON 16 MM 280*210 - 2241', false, 'PCS', 134.4540, 160.0000, 0.0000, '2026-03-07 20:42:50.181', '2026-03-07 20:42:50.181', 30.0000, false, 15.00, NULL, 60, 1, NULL, NULL, 8, 18, 1) ON CONFLICT DO NOTHING;
INSERT INTO public.tbl_article (id, reference, description, iswood, unit, sellprice_ht, sellprice_ttc, lastpurchaseprice_ttc, creationdate, updatedate, minquantity, isdeleted, profitmarginpercentage, lengths, idsellhistory, idtva, idwidth, idthickness, idcategory, idsubcategory, idappuser) VALUES (39, 'PS-16280210-2755', 'PART STR MPBS SONOM BR 16*280*210 - 2755', false, 'PCS', 117.6470, 140.0000, 0.0000, '2026-03-07 20:47:00.112', '2026-03-07 20:47:00.112', 30.0000, false, 15.00, NULL, 61, 1, NULL, NULL, 8, 18, 1) ON CONFLICT DO NOTHING;
INSERT INTO public.tbl_article (id, reference, description, iswood, unit, sellprice_ht, sellprice_ttc, lastpurchaseprice_ttc, creationdate, updatedate, minquantity, isdeleted, profitmarginpercentage, lengths, idsellhistory, idtva, idwidth, idthickness, idcategory, idsubcategory, idappuser) VALUES (40, 'PS-16280210-BALBR', 'PART STR MPBS BALANCE BRILLANT', false, 'PCS', 117.6470, 140.0000, 0.0000, '2026-03-07 20:48:20.004', '2026-03-07 20:48:20.004', 60.0000, false, 15.00, NULL, 62, 1, NULL, NULL, 8, 18, 1) ON CONFLICT DO NOTHING;
INSERT INTO public.tbl_article (id, reference, description, iswood, unit, sellprice_ht, sellprice_ttc, lastpurchaseprice_ttc, creationdate, updatedate, minquantity, isdeleted, profitmarginpercentage, lengths, idsellhistory, idtva, idwidth, idthickness, idcategory, idsubcategory, idappuser) VALUES (37, 'RF1-63100-METSA', 'BOIS ROUGE FINL METSA 63*100 I', true, 'M3 ', 2142.8570, 2550.0000, 0.0000, '2026-03-09 08:19:32.66', '2026-03-09 08:19:32.66', 2.0000, false, 15.00, '[510]', 59, 1, 14, 4, 1, 12, 1) ON CONFLICT DO NOTHING;
INSERT INTO public.tbl_article (id, reference, description, iswood, unit, sellprice_ht, sellprice_ttc, lastpurchaseprice_ttc, creationdate, updatedate, minquantity, isdeleted, profitmarginpercentage, lengths, idsellhistory, idtva, idwidth, idthickness, idcategory, idsubcategory, idappuser) VALUES (5, 'MS18280210-180', 'MDF STR STAR METALIK INCI BRILL18MM 280*210 - 180', false, 'PCS', 205.8820, 245.0000, 0.0000, '2026-03-08 08:34:56.749', '2026-03-08 08:34:56.749', 30.0000, false, 14.00, NULL, 27, 1, NULL, NULL, 2, 4, 1) ON CONFLICT DO NOTHING;
INSERT INTO public.tbl_article (id, reference, description, iswood, unit, sellprice_ht, sellprice_ttc, lastpurchaseprice_ttc, creationdate, updatedate, minquantity, isdeleted, profitmarginpercentage, lengths, idsellhistory, idtva, idwidth, idthickness, idcategory, idsubcategory, idappuser) VALUES (35, 'RS1-38225-SODRA', 'BOIS ROUGE SUED SODRA 38*225 I', true, 'M3 ', 2394.9580, 2850.0000, 0.0000, '2026-03-09 08:18:52.723', '2026-03-09 08:18:52.723', 3.0000, false, 15.00, '[270, 300, 330, 360]', 57, 1, 265, 17, 1, 12, 1) ON CONFLICT DO NOTHING;
INSERT INTO public.tbl_article (id, reference, description, iswood, unit, sellprice_ht, sellprice_ttc, lastpurchaseprice_ttc, creationdate, updatedate, minquantity, isdeleted, profitmarginpercentage, lengths, idsellhistory, idtva, idwidth, idthickness, idcategory, idsubcategory, idappuser) VALUES (20, 'MS1828STAR-293', 'MDF STAR DERIN SEPET MEGA 18 MM 2.80*2.10', false, 'PCS', 210.0840, 250.0000, 0.0000, '2026-03-10 09:01:12.425', '2026-03-10 09:01:12.425', 30.0000, false, 15.00, NULL, 42, 1, NULL, NULL, 2, 4, 1) ON CONFLICT DO NOTHING;
INSERT INTO public.tbl_article (id, reference, description, iswood, unit, sellprice_ht, sellprice_ttc, lastpurchaseprice_ttc, creationdate, updatedate, minquantity, isdeleted, profitmarginpercentage, lengths, idsellhistory, idtva, idwidth, idthickness, idcategory, idsubcategory, idappuser) VALUES (47, 'PS16280210-NOIR', 'PART STR MPBS 16MM - NOIR', false, 'PCS', 134.4540, 160.0000, 0.0000, '2026-03-10 14:57:11.865', '2026-03-10 14:57:11.865', 30.0000, false, 15.00, NULL, 65, 1, NULL, NULL, 8, 18, 1) ON CONFLICT DO NOTHING;
INSERT INTO public.tbl_article (id, reference, description, iswood, unit, sellprice_ht, sellprice_ttc, lastpurchaseprice_ttc, creationdate, updatedate, minquantity, isdeleted, profitmarginpercentage, lengths, idsellhistory, idtva, idwidth, idthickness, idcategory, idsubcategory, idappuser) VALUES (48, 'C202280BLPO', 'COUVRE CHANT PROP 20/10 22*80 ML BLANC JASMIN', false, 'PCS', 134.4540, 160.0000, 0.0000, '2026-03-11 08:31:53.44', '2026-03-11 08:31:53.44', 1.0000, false, 15.00, NULL, 66, 1, NULL, NULL, 10, 20, 1) ON CONFLICT DO NOTHING;
INSERT INTO public.tbl_article (id, reference, description, iswood, unit, sellprice_ht, sellprice_ttc, lastpurchaseprice_ttc, creationdate, updatedate, minquantity, isdeleted, profitmarginpercentage, lengths, idsellhistory, idtva, idwidth, idthickness, idcategory, idsubcategory, idappuser) VALUES (49, 'CC0422BLMAT', 'COUVRE CHANT 04/10 Larg 22 BLANC MAT', false, 'ML ', 0.4200, 0.5000, 0.0000, '2026-03-11 20:43:15.296', '2026-03-11 20:43:15.296', 600.0000, false, 15.00, NULL, 67, 1, NULL, NULL, 10, 20, 1) ON CONFLICT DO NOTHING;
INSERT INTO public.tbl_article (id, reference, description, iswood, unit, sellprice_ht, sellprice_ttc, lastpurchaseprice_ttc, creationdate, updatedate, minquantity, isdeleted, profitmarginpercentage, lengths, idsellhistory, idtva, idwidth, idthickness, idcategory, idsubcategory, idappuser) VALUES (50, 'RF1-25100', 'BOIS ROUGE FIN 25*100', true, 'M3 ', 2016.8070, 2400.0000, 0.0000, '2026-03-18 05:03:30.362', '2026-03-18 05:03:30.362', 2.0000, false, 25.00, '[450]', 68, 1, 14, 27, 1, 12, 1) ON CONFLICT DO NOTHING;


--
-- Data for Name: tbl_bank; Type: TABLE DATA; Schema: public; Owner: postgres
--

INSERT INTO public.tbl_bank (id, reference, description, logo, agency, rib, iban, creationdate, updatedate, isdeleted, idappuser) VALUES (1, 'BNA', 'Banque National Agricole', '', 'Raoued Km 3', '020023151010100064350', '665', '2024-07-18 12:05:33.745', '2024-07-18 12:05:33.745', false, 1) ON CONFLICT DO NOTHING;
INSERT INTO public.tbl_bank (id, reference, description, logo, agency, rib, iban, creationdate, updatedate, isdeleted, idappuser) VALUES (2, 'AL BARAKA', 'AL BARAKA BANK TUNISIA', '', 'Petite Ariana', '00234432234565', '883', '2024-09-20 13:16:44.957', '2024-09-20 13:16:44.957', false, 1) ON CONFLICT DO NOTHING;


--
-- Data for Name: tbl_document; Type: TABLE DATA; Schema: public; Owner: postgres
--

INSERT INTO public.tbl_document (id, type, docnumber, description, creationdate, updatedate, withholdingtax, totalcostpriceht, totalcostpricettc, totalcosttva, totalcostdiscount, holdingtaxid, taxeid, updatedbyid, counterpartid, isdeleted, salessiteid, supplierreference, isinvoiced, docstatus, stocktransactiontype, billingstatus, isservice) VALUES (300, 2, 'SR-26-002', '', '2026-03-07 20:51:54.195199', '2026-03-07 20:51:54.1952', false, 16161.3350, 19231.9900, 3070.6540, 3553.2250, NULL, NULL, 1, 7, false, 3, 'LVC2026SFX02113', false, 3, 1, 1, false) ON CONFLICT DO NOTHING;
INSERT INTO public.tbl_document (id, type, docnumber, description, creationdate, updatedate, withholdingtax, totalcostpriceht, totalcostpricettc, totalcosttva, totalcostdiscount, holdingtaxid, taxeid, updatedbyid, counterpartid, isdeleted, salessiteid, supplierreference, isinvoiced, docstatus, stocktransactiontype, billingstatus, isservice) VALUES (332, 5, 'BL-26-001', '', '2026-03-13 19:07:11.57189', '2026-03-13 19:07:11.571937', false, 1449.5780, 1724.9978, 275.4198, 0.0000, NULL, NULL, 1, 12, false, 1, '', false, 3, 2, 1, false) ON CONFLICT DO NOTHING;
INSERT INTO public.tbl_document (id, type, docnumber, description, creationdate, updatedate, withholdingtax, totalcostpriceht, totalcostpricettc, totalcosttva, totalcostdiscount, holdingtaxid, taxeid, updatedbyid, counterpartid, isdeleted, salessiteid, supplierreference, isinvoiced, docstatus, stocktransactiontype, billingstatus, isservice) VALUES (333, 7, 'TS-26-009', 'Transfert stock pour Sidi Amor', '2026-03-14 20:01:20.398182', '2026-03-14 20:01:20.398213', false, 0.0000, 0.0000, 0.0000, 0.0000, NULL, NULL, 1, 0, false, 3, NULL, false, 8, 2, 0, false) ON CONFLICT DO NOTHING;
INSERT INTO public.tbl_document (id, type, docnumber, description, creationdate, updatedate, withholdingtax, totalcostpriceht, totalcostpricettc, totalcosttva, totalcostdiscount, holdingtaxid, taxeid, updatedbyid, counterpartid, isdeleted, salessiteid, supplierreference, isinvoiced, docstatus, stocktransactiontype, billingstatus, isservice) VALUES (334, 7, 'TS-26-010', 'Transfert stock de Raoued Plage', '2026-03-14 20:01:20.398364', '2026-03-14 20:01:20.398364', false, 0.0000, 0.0000, 0.0000, 0.0000, NULL, NULL, 1, 0, false, 2, NULL, false, 8, 1, 0, false) ON CONFLICT DO NOTHING;
INSERT INTO public.tbl_document (id, type, docnumber, description, creationdate, updatedate, withholdingtax, totalcostpriceht, totalcostpricettc, totalcosttva, totalcostdiscount, holdingtaxid, taxeid, updatedbyid, counterpartid, isdeleted, salessiteid, supplierreference, isinvoiced, docstatus, stocktransactiontype, billingstatus, isservice) VALUES (335, 10, 'Inventory-20260314-001', '', '2026-03-14 20:07:03.581387', '2026-03-15 02:42:37.869418', false, 0.0000, 0.0000, 0.0000, 0.0000, NULL, NULL, 2, 0, false, 1, 'Inventory-20260314-001', false, 12, 3, 0, false) ON CONFLICT DO NOTHING;
INSERT INTO public.tbl_document (id, type, docnumber, description, creationdate, updatedate, withholdingtax, totalcostpriceht, totalcostpricettc, totalcosttva, totalcostdiscount, holdingtaxid, taxeid, updatedbyid, counterpartid, isdeleted, salessiteid, supplierreference, isinvoiced, docstatus, stocktransactiontype, billingstatus, isservice) VALUES (322, 10, 'Inventory-20260313-001', '', '2026-03-13 15:29:59.367417', '2026-03-15 02:42:39.536608', false, 0.0000, 0.0000, 0.0000, 0.0000, NULL, NULL, 1, 0, false, 3, 'Inventory-20260313-001', false, 12, 3, 0, false) ON CONFLICT DO NOTHING;
INSERT INTO public.tbl_document (id, type, docnumber, description, creationdate, updatedate, withholdingtax, totalcostpriceht, totalcostpricettc, totalcosttva, totalcostdiscount, holdingtaxid, taxeid, updatedbyid, counterpartid, isdeleted, salessiteid, supplierreference, isinvoiced, docstatus, stocktransactiontype, billingstatus, isservice) VALUES (336, 5, 'BL-26-002', '', '2026-03-15 11:23:33.76837', '2026-03-15 11:23:33.768404', false, 1239.4940, 1474.9979, 235.5039, 0.0000, NULL, NULL, 1, 12, false, 1, '', false, 3, 2, 1, false) ON CONFLICT DO NOTHING;
INSERT INTO public.tbl_document (id, type, docnumber, description, creationdate, updatedate, withholdingtax, totalcostpriceht, totalcostpricettc, totalcosttva, totalcostdiscount, holdingtaxid, taxeid, updatedbyid, counterpartid, isdeleted, salessiteid, supplierreference, isinvoiced, docstatus, stocktransactiontype, billingstatus, isservice) VALUES (337, 5, 'BL-26-003', '', '2026-03-15 11:34:09.095891', '2026-03-15 11:34:09.095892', false, 630.2520, 749.9999, 119.7479, 0.0000, NULL, NULL, 1, 1, false, 1, '', false, 3, 2, 1, false) ON CONFLICT DO NOTHING;
INSERT INTO public.tbl_document (id, type, docnumber, description, creationdate, updatedate, withholdingtax, totalcostpriceht, totalcostpricettc, totalcosttva, totalcostdiscount, holdingtaxid, taxeid, updatedbyid, counterpartid, isdeleted, salessiteid, supplierreference, isinvoiced, docstatus, stocktransactiontype, billingstatus, isservice) VALUES (301, 2, 'SR-26-003', '', '2026-03-10 08:44:03.041152', '2026-03-10 08:44:03.041221', false, 4908.3300, 5840.9130, 932.5830, 934.9200, NULL, NULL, 1, 7, false, 3, 'LVC2026SFX02317', false, 3, 1, 1, false) ON CONFLICT DO NOTHING;
INSERT INTO public.tbl_document (id, type, docnumber, description, creationdate, updatedate, withholdingtax, totalcostpriceht, totalcostpricettc, totalcosttva, totalcostdiscount, holdingtaxid, taxeid, updatedbyid, counterpartid, isdeleted, salessiteid, supplierreference, isinvoiced, docstatus, stocktransactiontype, billingstatus, isservice) VALUES (302, 2, 'SR-26-004', '', '2026-03-10 14:59:31.064989', '2026-03-10 14:59:31.065015', false, 10668.6720, 12695.7200, 2027.0480, 2032.1280, NULL, NULL, 1, 7, false, 3, 'LVC2025SFX07781', false, 3, 1, 1, false) ON CONFLICT DO NOTHING;
INSERT INTO public.tbl_document (id, type, docnumber, description, creationdate, updatedate, withholdingtax, totalcostpriceht, totalcostpricettc, totalcosttva, totalcostdiscount, holdingtaxid, taxeid, updatedbyid, counterpartid, isdeleted, salessiteid, supplierreference, isinvoiced, docstatus, stocktransactiontype, billingstatus, isservice) VALUES (303, 2, 'SR-26-005', '', '2026-03-10 15:20:02.328173', '2026-03-10 15:20:02.328214', false, 10668.6720, 12695.7200, 2027.0480, 2032.1280, NULL, NULL, 1, 5, false, 3, 'LVC2025SFX07782', false, 3, 1, 1, false) ON CONFLICT DO NOTHING;
INSERT INTO public.tbl_document (id, type, docnumber, description, creationdate, updatedate, withholdingtax, totalcostpriceht, totalcostpricettc, totalcosttva, totalcostdiscount, holdingtaxid, taxeid, updatedbyid, counterpartid, isdeleted, salessiteid, supplierreference, isinvoiced, docstatus, stocktransactiontype, billingstatus, isservice) VALUES (304, 2, 'SR-26-006', '', '2026-03-10 15:22:59.782219', '2026-03-10 15:22:59.782222', false, 10668.6720, 12695.7200, 2027.0480, 2032.1280, NULL, NULL, 1, 7, false, 3, 'LVC2025SFX07783', false, 3, 1, 1, false) ON CONFLICT DO NOTHING;
INSERT INTO public.tbl_document (id, type, docnumber, description, creationdate, updatedate, withholdingtax, totalcostpriceht, totalcostpricettc, totalcosttva, totalcostdiscount, holdingtaxid, taxeid, updatedbyid, counterpartid, isdeleted, salessiteid, supplierreference, isinvoiced, docstatus, stocktransactiontype, billingstatus, isservice) VALUES (305, 2, 'SR-26-007', '', '2026-03-10 15:24:14.261562', '2026-03-10 15:24:14.261592', false, 10668.6720, 12695.7200, 2027.0480, 2032.1280, NULL, NULL, 1, 7, false, 3, 'LVC2025SFX07784', false, 3, 1, 1, false) ON CONFLICT DO NOTHING;
INSERT INTO public.tbl_document (id, type, docnumber, description, creationdate, updatedate, withholdingtax, totalcostpriceht, totalcostpricettc, totalcosttva, totalcostdiscount, holdingtaxid, taxeid, updatedbyid, counterpartid, isdeleted, salessiteid, supplierreference, isinvoiced, docstatus, stocktransactiontype, billingstatus, isservice) VALUES (306, 2, 'SR-26-008', '', '2026-03-10 15:27:06.701748', '2026-03-10 15:27:06.701808', false, 10668.6720, 12695.7200, 2027.0480, 2032.1280, NULL, NULL, 1, 7, false, 3, 'LVC2025SFX07785', false, 3, 1, 1, false) ON CONFLICT DO NOTHING;
INSERT INTO public.tbl_document (id, type, docnumber, description, creationdate, updatedate, withholdingtax, totalcostpriceht, totalcostpricettc, totalcosttva, totalcostdiscount, holdingtaxid, taxeid, updatedbyid, counterpartid, isdeleted, salessiteid, supplierreference, isinvoiced, docstatus, stocktransactiontype, billingstatus, isservice) VALUES (307, 2, 'SR-26-009', '', '2026-03-10 15:52:43.57999', '2026-03-10 15:52:43.580014', false, 10668.6720, 12695.7200, 2027.0480, 2032.1280, NULL, NULL, 1, 7, false, 3, 'LVC2025SFX07788', false, 3, 1, 1, false) ON CONFLICT DO NOTHING;
INSERT INTO public.tbl_document (id, type, docnumber, description, creationdate, updatedate, withholdingtax, totalcostpriceht, totalcostpricettc, totalcosttva, totalcostdiscount, holdingtaxid, taxeid, updatedbyid, counterpartid, isdeleted, salessiteid, supplierreference, isinvoiced, docstatus, stocktransactiontype, billingstatus, isservice) VALUES (308, 2, 'SR-26-010', '', '2026-03-10 15:56:50.224333', '2026-03-10 15:56:50.224333', false, 12446.7840, 14811.6730, 2364.8890, 254.0160, NULL, NULL, 1, 5, false, 3, 'LVC2025SFX07790', false, 3, 1, 1, false) ON CONFLICT DO NOTHING;
INSERT INTO public.tbl_document (id, type, docnumber, description, creationdate, updatedate, withholdingtax, totalcostpriceht, totalcostpricettc, totalcosttva, totalcostdiscount, holdingtaxid, taxeid, updatedbyid, counterpartid, isdeleted, salessiteid, supplierreference, isinvoiced, docstatus, stocktransactiontype, billingstatus, isservice) VALUES (309, 2, 'SR-26-011', '', '2026-03-10 15:59:30.044415', '2026-03-10 15:59:30.050319', false, 10668.6720, 12695.7200, 2027.0480, 2032.1280, NULL, NULL, 1, 7, false, 3, 'LVC2025SFX07791', false, 3, 1, 1, false) ON CONFLICT DO NOTHING;
INSERT INTO public.tbl_document (id, type, docnumber, description, creationdate, updatedate, withholdingtax, totalcostpriceht, totalcostpricettc, totalcosttva, totalcostdiscount, holdingtaxid, taxeid, updatedbyid, counterpartid, isdeleted, salessiteid, supplierreference, isinvoiced, docstatus, stocktransactiontype, billingstatus, isservice) VALUES (310, 2, 'SR-26-012', '', '2026-03-10 16:03:20.186345', '2026-03-10 16:03:20.186345', false, 10668.6720, 12695.7200, 2027.0480, 2032.1280, NULL, NULL, 1, 7, false, 3, 'LVC2025SFX07797', false, 3, 1, 1, false) ON CONFLICT DO NOTHING;
INSERT INTO public.tbl_document (id, type, docnumber, description, creationdate, updatedate, withholdingtax, totalcostpriceht, totalcostpricettc, totalcosttva, totalcostdiscount, holdingtaxid, taxeid, updatedbyid, counterpartid, isdeleted, salessiteid, supplierreference, isinvoiced, docstatus, stocktransactiontype, billingstatus, isservice) VALUES (311, 2, 'SR-26-013', '', '2026-03-10 16:38:47.906826', '2026-03-10 16:38:47.906867', false, 10668.6720, 12695.7200, 2027.0480, 2032.1280, NULL, NULL, 1, 7, false, 3, 'LVC2025SFX07801', false, 3, 1, 1, false) ON CONFLICT DO NOTHING;
INSERT INTO public.tbl_document (id, type, docnumber, description, creationdate, updatedate, withholdingtax, totalcostpriceht, totalcostpricettc, totalcosttva, totalcostdiscount, holdingtaxid, taxeid, updatedbyid, counterpartid, isdeleted, salessiteid, supplierreference, isinvoiced, docstatus, stocktransactiontype, billingstatus, isservice) VALUES (312, 7, 'TS-26-001', 'Transfert stock pour Cité El Ghazela', '2026-03-10 16:54:00.941061', '2026-03-10 16:54:00.941061', false, 0.0000, 0.0000, 0.0000, 0.0000, NULL, NULL, 1, 0, false, 3, NULL, false, 8, 2, 0, false) ON CONFLICT DO NOTHING;
INSERT INTO public.tbl_document (id, type, docnumber, description, creationdate, updatedate, withholdingtax, totalcostpriceht, totalcostpricettc, totalcosttva, totalcostdiscount, holdingtaxid, taxeid, updatedbyid, counterpartid, isdeleted, salessiteid, supplierreference, isinvoiced, docstatus, stocktransactiontype, billingstatus, isservice) VALUES (313, 7, 'TS-26-002', 'Transfert stock de Raoued Plage', '2026-03-10 16:54:00.941063', '2026-03-10 16:54:00.941063', false, 0.0000, 0.0000, 0.0000, 0.0000, NULL, NULL, 1, 0, false, 1, NULL, false, 8, 1, 0, false) ON CONFLICT DO NOTHING;
INSERT INTO public.tbl_document (id, type, docnumber, description, creationdate, updatedate, withholdingtax, totalcostpriceht, totalcostpricettc, totalcosttva, totalcostdiscount, holdingtaxid, taxeid, updatedbyid, counterpartid, isdeleted, salessiteid, supplierreference, isinvoiced, docstatus, stocktransactiontype, billingstatus, isservice) VALUES (314, 7, 'TS-26-003', 'Transfert stock pour Sidi Amor', '2026-03-10 16:57:03.058452', '2026-03-10 16:57:03.058452', false, 0.0000, 0.0000, 0.0000, 0.0000, NULL, NULL, 1, 0, false, 3, NULL, false, 8, 2, 0, false) ON CONFLICT DO NOTHING;
INSERT INTO public.tbl_document (id, type, docnumber, description, creationdate, updatedate, withholdingtax, totalcostpriceht, totalcostpricettc, totalcosttva, totalcostdiscount, holdingtaxid, taxeid, updatedbyid, counterpartid, isdeleted, salessiteid, supplierreference, isinvoiced, docstatus, stocktransactiontype, billingstatus, isservice) VALUES (315, 7, 'TS-26-004', 'Transfert stock de Raoued Plage', '2026-03-10 16:57:03.058459', '2026-03-10 16:57:03.058459', false, 0.0000, 0.0000, 0.0000, 0.0000, NULL, NULL, 1, 0, false, 2, NULL, false, 8, 1, 0, false) ON CONFLICT DO NOTHING;
INSERT INTO public.tbl_document (id, type, docnumber, description, creationdate, updatedate, withholdingtax, totalcostpriceht, totalcostpricettc, totalcosttva, totalcostdiscount, holdingtaxid, taxeid, updatedbyid, counterpartid, isdeleted, salessiteid, supplierreference, isinvoiced, docstatus, stocktransactiontype, billingstatus, isservice) VALUES (338, 7, 'TS-26-011', 'Transfert stock pour Cité El Ghazela', '2026-03-17 20:18:46.098292', '2026-03-17 20:18:46.098322', false, 0.0000, 0.0000, 0.0000, 0.0000, NULL, NULL, 1, 0, false, 2, NULL, false, 8, 2, 0, false) ON CONFLICT DO NOTHING;
INSERT INTO public.tbl_document (id, type, docnumber, description, creationdate, updatedate, withholdingtax, totalcostpriceht, totalcostpricettc, totalcosttva, totalcostdiscount, holdingtaxid, taxeid, updatedbyid, counterpartid, isdeleted, salessiteid, supplierreference, isinvoiced, docstatus, stocktransactiontype, billingstatus, isservice) VALUES (339, 7, 'TS-26-012', 'Transfert stock de Sidi Amor', '2026-03-17 20:18:46.09847', '2026-03-17 20:18:46.098471', false, 0.0000, 0.0000, 0.0000, 0.0000, NULL, NULL, 1, 0, false, 1, NULL, false, 8, 1, 0, false) ON CONFLICT DO NOTHING;
INSERT INTO public.tbl_document (id, type, docnumber, description, creationdate, updatedate, withholdingtax, totalcostpriceht, totalcostpricettc, totalcosttva, totalcostdiscount, holdingtaxid, taxeid, updatedbyid, counterpartid, isdeleted, salessiteid, supplierreference, isinvoiced, docstatus, stocktransactiontype, billingstatus, isservice) VALUES (340, 5, 'BL-26-004', '', '2026-03-18 05:08:44.334105', '2026-03-18 05:08:44.334144', false, 233.9496, 278.4000, 44.4504, 0.0000, NULL, NULL, 1, 1, false, 1, '', false, 3, 2, 1, false) ON CONFLICT DO NOTHING;
INSERT INTO public.tbl_document (id, type, docnumber, description, creationdate, updatedate, withholdingtax, totalcostpriceht, totalcostpricettc, totalcosttva, totalcostdiscount, holdingtaxid, taxeid, updatedbyid, counterpartid, isdeleted, salessiteid, supplierreference, isinvoiced, docstatus, stocktransactiontype, billingstatus, isservice) VALUES (341, 7, 'TS-26-013', 'Transfert stock pour Cité El Ghazela', '2026-03-18 05:26:54.865225', '2026-03-18 05:26:54.865226', false, 0.0000, 0.0000, 0.0000, 0.0000, NULL, NULL, 1, 0, false, 3, NULL, false, 8, 2, 0, false) ON CONFLICT DO NOTHING;
INSERT INTO public.tbl_document (id, type, docnumber, description, creationdate, updatedate, withholdingtax, totalcostpriceht, totalcostpricettc, totalcosttva, totalcostdiscount, holdingtaxid, taxeid, updatedbyid, counterpartid, isdeleted, salessiteid, supplierreference, isinvoiced, docstatus, stocktransactiontype, billingstatus, isservice) VALUES (299, 2, 'SR-26-001', '', '2026-03-07 20:30:24.544188', '2026-03-10 21:44:52.880685', false, 80008.8900, 95210.5750, 15201.6850, 3292.5820, NULL, NULL, 1, 8, false, 3, '20261048', false, 3, 1, 1, false) ON CONFLICT DO NOTHING;
INSERT INTO public.tbl_document (id, type, docnumber, description, creationdate, updatedate, withholdingtax, totalcostpriceht, totalcostpricettc, totalcosttva, totalcostdiscount, holdingtaxid, taxeid, updatedbyid, counterpartid, isdeleted, salessiteid, supplierreference, isinvoiced, docstatus, stocktransactiontype, billingstatus, isservice) VALUES (316, 2, 'SR-26-014', '', '2026-03-10 21:48:28.297996', '2026-03-10 21:49:28.607172', false, 6171.4350, 7344.0080, 1172.5730, 0.0000, NULL, NULL, 1, 5, false, 3, '20261049', false, 3, 1, 1, false) ON CONFLICT DO NOTHING;
INSERT INTO public.tbl_document (id, type, docnumber, description, creationdate, updatedate, withholdingtax, totalcostpriceht, totalcostpricettc, totalcosttva, totalcostdiscount, holdingtaxid, taxeid, updatedbyid, counterpartid, isdeleted, salessiteid, supplierreference, isinvoiced, docstatus, stocktransactiontype, billingstatus, isservice) VALUES (317, 7, 'TS-26-005', 'Transfert stock pour Cité El Ghazela', '2026-03-10 21:51:45.877917', '2026-03-10 21:51:45.877917', false, 0.0000, 0.0000, 0.0000, 0.0000, NULL, NULL, 1, 0, false, 3, NULL, false, 8, 2, 0, false) ON CONFLICT DO NOTHING;
INSERT INTO public.tbl_document (id, type, docnumber, description, creationdate, updatedate, withholdingtax, totalcostpriceht, totalcostpricettc, totalcosttva, totalcostdiscount, holdingtaxid, taxeid, updatedbyid, counterpartid, isdeleted, salessiteid, supplierreference, isinvoiced, docstatus, stocktransactiontype, billingstatus, isservice) VALUES (318, 7, 'TS-26-006', 'Transfert stock de Raoued Plage', '2026-03-10 21:51:45.877922', '2026-03-10 21:51:45.877922', false, 0.0000, 0.0000, 0.0000, 0.0000, NULL, NULL, 1, 0, false, 1, NULL, false, 8, 1, 0, false) ON CONFLICT DO NOTHING;
INSERT INTO public.tbl_document (id, type, docnumber, description, creationdate, updatedate, withholdingtax, totalcostpriceht, totalcostpricettc, totalcosttva, totalcostdiscount, holdingtaxid, taxeid, updatedbyid, counterpartid, isdeleted, salessiteid, supplierreference, isinvoiced, docstatus, stocktransactiontype, billingstatus, isservice) VALUES (319, 2, 'SR-26-015', '', '2026-03-11 08:41:00.159497', '2026-03-11 08:41:00.159562', false, 109.6150, 130.4420, 20.8270, 0.0000, NULL, NULL, 1, 16, false, 2, '26FV014444', false, 3, 1, 1, false) ON CONFLICT DO NOTHING;
INSERT INTO public.tbl_document (id, type, docnumber, description, creationdate, updatedate, withholdingtax, totalcostpriceht, totalcostpricettc, totalcosttva, totalcostdiscount, holdingtaxid, taxeid, updatedbyid, counterpartid, isdeleted, salessiteid, supplierreference, isinvoiced, docstatus, stocktransactiontype, billingstatus, isservice) VALUES (320, 2, 'SR-26-016', '', '2026-03-11 20:44:25.053636', '2026-03-11 20:44:25.053679', false, 777.0000, 924.6300, 147.6300, 0.0000, NULL, NULL, 1, 14, false, 1, 'BL110326', false, 3, 1, 1, false) ON CONFLICT DO NOTHING;
INSERT INTO public.tbl_document (id, type, docnumber, description, creationdate, updatedate, withholdingtax, totalcostpriceht, totalcostpricettc, totalcosttva, totalcostdiscount, holdingtaxid, taxeid, updatedbyid, counterpartid, isdeleted, salessiteid, supplierreference, isinvoiced, docstatus, stocktransactiontype, billingstatus, isservice) VALUES (321, 1, 'SO-26-001', '', '2026-03-12 07:09:31.937494', '2026-03-12 07:09:31.93752', false, 7387.3800, 8790.9822, 1403.6022, 0.0000, NULL, NULL, 1, 7, false, 1, '', false, 9, 3, 1, false) ON CONFLICT DO NOTHING;
INSERT INTO public.tbl_document (id, type, docnumber, description, creationdate, updatedate, withholdingtax, totalcostpriceht, totalcostpricettc, totalcosttva, totalcostdiscount, holdingtaxid, taxeid, updatedbyid, counterpartid, isdeleted, salessiteid, supplierreference, isinvoiced, docstatus, stocktransactiontype, billingstatus, isservice) VALUES (323, 7, 'TS-26-007', 'Transfert stock pour Cité El Ghazela', '2026-03-13 18:44:35.193262', '2026-03-13 18:44:35.193288', false, 0.0000, 0.0000, 0.0000, 0.0000, NULL, NULL, 2, 0, false, 3, NULL, false, 8, 2, 0, false) ON CONFLICT DO NOTHING;
INSERT INTO public.tbl_document (id, type, docnumber, description, creationdate, updatedate, withholdingtax, totalcostpriceht, totalcostpricettc, totalcosttva, totalcostdiscount, holdingtaxid, taxeid, updatedbyid, counterpartid, isdeleted, salessiteid, supplierreference, isinvoiced, docstatus, stocktransactiontype, billingstatus, isservice) VALUES (324, 7, 'TS-26-008', 'Transfert stock de Raoued Plage', '2026-03-13 18:44:35.193411', '2026-03-13 18:44:35.193411', false, 0.0000, 0.0000, 0.0000, 0.0000, NULL, NULL, 2, 0, false, 1, NULL, false, 8, 1, 0, false) ON CONFLICT DO NOTHING;
INSERT INTO public.tbl_document (id, type, docnumber, description, creationdate, updatedate, withholdingtax, totalcostpriceht, totalcostpricettc, totalcosttva, totalcostdiscount, holdingtaxid, taxeid, updatedbyid, counterpartid, isdeleted, salessiteid, supplierreference, isinvoiced, docstatus, stocktransactiontype, billingstatus, isservice) VALUES (342, 7, 'TS-26-014', 'Transfert stock de Raoued Plage', '2026-03-18 05:26:54.86523', '2026-03-18 05:26:54.865231', false, 0.0000, 0.0000, 0.0000, 0.0000, NULL, NULL, 1, 0, false, 1, NULL, false, 8, 1, 0, false) ON CONFLICT DO NOTHING;
INSERT INTO public.tbl_document (id, type, docnumber, description, creationdate, updatedate, withholdingtax, totalcostpriceht, totalcostpricettc, totalcosttva, totalcostdiscount, holdingtaxid, taxeid, updatedbyid, counterpartid, isdeleted, salessiteid, supplierreference, isinvoiced, docstatus, stocktransactiontype, billingstatus, isservice) VALUES (343, 5, 'BL-26-005', '', '2026-03-18 05:29:55.436544', '2026-03-18 05:29:55.436545', false, 229.9160, 273.6000, 43.6840, 0.0000, NULL, NULL, 1, 2, false, 1, '', false, 3, 2, 1, false) ON CONFLICT DO NOTHING;


--
-- Data for Name: tbl_merchandise; Type: TABLE DATA; Schema: public; Owner: postgres
--

INSERT INTO public.tbl_merchandise (id, packagereference, description, isinvoicible, allownegativstock, ismergedwith, idmergedmerchandise, isdeleted, articleid, updatedbyid) VALUES (47, 'Standard', NULL, false, false, false, NULL, false, 5, 1) ON CONFLICT DO NOTHING;
INSERT INTO public.tbl_merchandise (id, packagereference, description, isinvoicible, allownegativstock, ismergedwith, idmergedmerchandise, isdeleted, articleid, updatedbyid) VALUES (48, 'Standard', NULL, false, false, false, NULL, false, 27, 1) ON CONFLICT DO NOTHING;
INSERT INTO public.tbl_merchandise (id, packagereference, description, isinvoicible, allownegativstock, ismergedwith, idmergedmerchandise, isdeleted, articleid, updatedbyid) VALUES (49, 'Standard', NULL, false, false, false, NULL, false, 26, 1) ON CONFLICT DO NOTHING;
INSERT INTO public.tbl_merchandise (id, packagereference, description, isinvoicible, allownegativstock, ismergedwith, idmergedmerchandise, isdeleted, articleid, updatedbyid) VALUES (50, 'Standard', NULL, false, false, false, NULL, false, 28, 1) ON CONFLICT DO NOTHING;
INSERT INTO public.tbl_merchandise (id, packagereference, description, isinvoicible, allownegativstock, ismergedwith, idmergedmerchandise, isdeleted, articleid, updatedbyid) VALUES (51, 'Standard', NULL, false, false, false, NULL, false, 19, 1) ON CONFLICT DO NOTHING;
INSERT INTO public.tbl_merchandise (id, packagereference, description, isinvoicible, allownegativstock, ismergedwith, idmergedmerchandise, isdeleted, articleid, updatedbyid) VALUES (52, 'Standard', NULL, false, false, false, NULL, false, 29, 1) ON CONFLICT DO NOTHING;
INSERT INTO public.tbl_merchandise (id, packagereference, description, isinvoicible, allownegativstock, ismergedwith, idmergedmerchandise, isdeleted, articleid, updatedbyid) VALUES (53, 'Standard', NULL, false, false, false, NULL, false, 30, 1) ON CONFLICT DO NOTHING;
INSERT INTO public.tbl_merchandise (id, packagereference, description, isinvoicible, allownegativstock, ismergedwith, idmergedmerchandise, isdeleted, articleid, updatedbyid) VALUES (54, 'Standard', NULL, false, false, false, NULL, false, 31, 1) ON CONFLICT DO NOTHING;
INSERT INTO public.tbl_merchandise (id, packagereference, description, isinvoicible, allownegativstock, ismergedwith, idmergedmerchandise, isdeleted, articleid, updatedbyid) VALUES (55, 'Standard', NULL, false, false, false, NULL, false, 32, 1) ON CONFLICT DO NOTHING;
INSERT INTO public.tbl_merchandise (id, packagereference, description, isinvoicible, allownegativstock, ismergedwith, idmergedmerchandise, isdeleted, articleid, updatedbyid) VALUES (65, 'Standard', '', true, false, false, 0, false, 46, 1) ON CONFLICT DO NOTHING;
INSERT INTO public.tbl_merchandise (id, packagereference, description, isinvoicible, allownegativstock, ismergedwith, idmergedmerchandise, isdeleted, articleid, updatedbyid) VALUES (67, 'Standard', '', true, false, false, 0, false, 17, 1) ON CONFLICT DO NOTHING;
INSERT INTO public.tbl_merchandise (id, packagereference, description, isinvoicible, allownegativstock, ismergedwith, idmergedmerchandise, isdeleted, articleid, updatedbyid) VALUES (56, 'BR-47150-2603-1', NULL, false, false, false, NULL, false, 33, 1) ON CONFLICT DO NOTHING;
INSERT INTO public.tbl_merchandise (id, packagereference, description, isinvoicible, allownegativstock, ismergedwith, idmergedmerchandise, isdeleted, articleid, updatedbyid) VALUES (60, 'BR-38225-2603-1', '', true, false, false, NULL, false, 35, 1) ON CONFLICT DO NOTHING;
INSERT INTO public.tbl_merchandise (id, packagereference, description, isinvoicible, allownegativstock, ismergedwith, idmergedmerchandise, isdeleted, articleid, updatedbyid) VALUES (62, 'BR-25150-2603-1', '', true, false, false, NULL, false, 34, 1) ON CONFLICT DO NOTHING;
INSERT INTO public.tbl_merchandise (id, packagereference, description, isinvoicible, allownegativstock, ismergedwith, idmergedmerchandise, isdeleted, articleid, updatedbyid) VALUES (63, 'BR-63100-2603-1', '', true, false, false, NULL, false, 37, 1) ON CONFLICT DO NOTHING;
INSERT INTO public.tbl_merchandise (id, packagereference, description, isinvoicible, allownegativstock, ismergedwith, idmergedmerchandise, isdeleted, articleid, updatedbyid) VALUES (68, 'BR-63100-2603-2', '', true, false, false, NULL, false, 1, 1) ON CONFLICT DO NOTHING;
INSERT INTO public.tbl_merchandise (id, packagereference, description, isinvoicible, allownegativstock, ismergedwith, idmergedmerchandise, isdeleted, articleid, updatedbyid) VALUES (69, 'Standard', '', true, false, false, 0, false, 48, 1) ON CONFLICT DO NOTHING;
INSERT INTO public.tbl_merchandise (id, packagereference, description, isinvoicible, allownegativstock, ismergedwith, idmergedmerchandise, isdeleted, articleid, updatedbyid) VALUES (57, 'Standard', '', true, false, false, 0, false, 38, 1) ON CONFLICT DO NOTHING;
INSERT INTO public.tbl_merchandise (id, packagereference, description, isinvoicible, allownegativstock, ismergedwith, idmergedmerchandise, isdeleted, articleid, updatedbyid) VALUES (58, 'Standard', '', true, false, false, 0, false, 39, 1) ON CONFLICT DO NOTHING;
INSERT INTO public.tbl_merchandise (id, packagereference, description, isinvoicible, allownegativstock, ismergedwith, idmergedmerchandise, isdeleted, articleid, updatedbyid) VALUES (59, 'Standard', '', true, false, false, 0, false, 40, 1) ON CONFLICT DO NOTHING;
INSERT INTO public.tbl_merchandise (id, packagereference, description, isinvoicible, allownegativstock, ismergedwith, idmergedmerchandise, isdeleted, articleid, updatedbyid) VALUES (61, 'Standard', '', true, false, false, NULL, false, 32, 1) ON CONFLICT DO NOTHING;
INSERT INTO public.tbl_merchandise (id, packagereference, description, isinvoicible, allownegativstock, ismergedwith, idmergedmerchandise, isdeleted, articleid, updatedbyid) VALUES (66, 'Standard', '', true, false, false, 0, false, 47, 1) ON CONFLICT DO NOTHING;
INSERT INTO public.tbl_merchandise (id, packagereference, description, isinvoicible, allownegativstock, ismergedwith, idmergedmerchandise, isdeleted, articleid, updatedbyid) VALUES (64, 'Standard', '', true, false, false, NULL, false, 45, 1) ON CONFLICT DO NOTHING;
INSERT INTO public.tbl_merchandise (id, packagereference, description, isinvoicible, allownegativstock, ismergedwith, idmergedmerchandise, isdeleted, articleid, updatedbyid) VALUES (70, 'Standard', '', true, false, false, 0, false, 49, 1) ON CONFLICT DO NOTHING;


--
-- Data for Name: tbl_document_merchandise; Type: TABLE DATA; Schema: public; Owner: postgres
--

INSERT INTO public.tbl_document_merchandise (id, documentid, merchandiseid, creation_date, update_date, quantity, unitprice_ht, cost_ht, discount_percentage, cost_net_ht, cost_discount_value, tva_value, cost_ttc) VALUES (433, 299, 47, '2026-03-10 21:44:52.883407', '2026-03-10 21:44:52.883407', 30.0000, 197.4790, 5924.3700, 5.00, 5628.1520, 296.2190, 0.0000, 6697.5000) ON CONFLICT DO NOTHING;
INSERT INTO public.tbl_document_merchandise (id, documentid, merchandiseid, creation_date, update_date, quantity, unitprice_ht, cost_ht, discount_percentage, cost_net_ht, cost_discount_value, tva_value, cost_ttc) VALUES (434, 299, 48, '2026-03-10 21:44:52.883573', '2026-03-10 21:44:52.883573', 25.0000, 193.2770, 4831.9250, 5.00, 4590.3290, 241.5960, 0.0000, 5462.4910) ON CONFLICT DO NOTHING;
INSERT INTO public.tbl_document_merchandise (id, documentid, merchandiseid, creation_date, update_date, quantity, unitprice_ht, cost_ht, discount_percentage, cost_net_ht, cost_discount_value, tva_value, cost_ttc) VALUES (435, 299, 49, '2026-03-10 21:44:52.883629', '2026-03-10 21:44:52.883629', 50.0000, 130.2520, 6512.6000, 5.00, 6186.9700, 325.6300, 0.0000, 7362.4940) ON CONFLICT DO NOTHING;
INSERT INTO public.tbl_document_merchandise (id, documentid, merchandiseid, creation_date, update_date, quantity, unitprice_ht, cost_ht, discount_percentage, cost_net_ht, cost_discount_value, tva_value, cost_ttc) VALUES (436, 299, 50, '2026-03-10 21:44:52.883673', '2026-03-10 21:44:52.883673', 30.0000, 197.4790, 5924.3700, 5.00, 5628.1520, 296.2190, 0.0000, 6697.5000) ON CONFLICT DO NOTHING;
INSERT INTO public.tbl_document_merchandise (id, documentid, merchandiseid, creation_date, update_date, quantity, unitprice_ht, cost_ht, discount_percentage, cost_net_ht, cost_discount_value, tva_value, cost_ttc) VALUES (437, 299, 51, '2026-03-10 21:44:52.883718', '2026-03-10 21:44:52.883718', 30.0000, 197.4790, 5924.3700, 5.00, 5628.1520, 296.2190, 0.0000, 6697.5000) ON CONFLICT DO NOTHING;
INSERT INTO public.tbl_document_merchandise (id, documentid, merchandiseid, creation_date, update_date, quantity, unitprice_ht, cost_ht, discount_percentage, cost_net_ht, cost_discount_value, tva_value, cost_ttc) VALUES (438, 299, 52, '2026-03-10 21:44:52.88376', '2026-03-10 21:44:52.88376', 25.0000, 193.2770, 4831.9250, 5.00, 4590.3290, 241.5960, 0.0000, 5462.4910) ON CONFLICT DO NOTHING;
INSERT INTO public.tbl_document_merchandise (id, documentid, merchandiseid, creation_date, update_date, quantity, unitprice_ht, cost_ht, discount_percentage, cost_net_ht, cost_discount_value, tva_value, cost_ttc) VALUES (439, 299, 53, '2026-03-10 21:44:52.883802', '2026-03-10 21:44:52.883802', 25.0000, 193.2770, 4831.9250, 5.00, 4590.3290, 241.5960, 0.0000, 5462.4910) ON CONFLICT DO NOTHING;
INSERT INTO public.tbl_document_merchandise (id, documentid, merchandiseid, creation_date, update_date, quantity, unitprice_ht, cost_ht, discount_percentage, cost_net_ht, cost_discount_value, tva_value, cost_ttc) VALUES (440, 299, 54, '2026-03-10 21:44:52.883845', '2026-03-10 21:44:52.883845', 26.0000, 193.2770, 5025.2020, 5.00, 4773.9420, 251.2600, 0.0000, 5680.9910) ON CONFLICT DO NOTHING;
INSERT INTO public.tbl_document_merchandise (id, documentid, merchandiseid, creation_date, update_date, quantity, unitprice_ht, cost_ht, discount_percentage, cost_net_ht, cost_discount_value, tva_value, cost_ttc) VALUES (441, 299, 55, '2026-03-10 21:44:52.883891', '2026-03-10 21:44:52.883891', 20.0000, 197.4790, 3949.5800, 5.00, 3752.1010, 197.4790, 0.0000, 4465.0000) ON CONFLICT DO NOTHING;
INSERT INTO public.tbl_document_merchandise (id, documentid, merchandiseid, creation_date, update_date, quantity, unitprice_ht, cost_ht, discount_percentage, cost_net_ht, cost_discount_value, tva_value, cost_ttc) VALUES (442, 299, 56, '2026-03-10 21:44:52.883931', '2026-03-10 21:44:52.883931', 3.8430, 1722.6890, 6620.2940, 0.00, 6620.2940, 0.0000, 0.0000, 7878.1500) ON CONFLICT DO NOTHING;
INSERT INTO public.tbl_document_merchandise (id, documentid, merchandiseid, creation_date, update_date, quantity, unitprice_ht, cost_ht, discount_percentage, cost_net_ht, cost_discount_value, tva_value, cost_ttc) VALUES (287, 300, 57, '2026-03-07 20:51:54.228089', '2026-03-07 20:51:54.228089', 30.0000, 141.1200, 4233.6000, 16.00, 3556.2240, 677.3760, 0.0000, 4231.9070) ON CONFLICT DO NOTHING;
INSERT INTO public.tbl_document_merchandise (id, documentid, merchandiseid, creation_date, update_date, quantity, unitprice_ht, cost_ht, discount_percentage, cost_net_ht, cost_discount_value, tva_value, cost_ttc) VALUES (288, 300, 58, '2026-03-07 20:51:54.228299', '2026-03-07 20:51:54.2283', 60.0000, 125.0510, 7503.0600, 16.00, 6302.5700, 1200.4900, 0.0000, 7500.0590) ON CONFLICT DO NOTHING;
INSERT INTO public.tbl_document_merchandise (id, documentid, merchandiseid, creation_date, update_date, quantity, unitprice_ht, cost_ht, discount_percentage, cost_net_ht, cost_discount_value, tva_value, cost_ttc) VALUES (289, 300, 59, '2026-03-07 20:51:54.228364', '2026-03-07 20:51:54.228364', 60.0000, 132.9650, 7977.9000, 21.00, 6302.5410, 1675.3590, 0.0000, 7500.0240) ON CONFLICT DO NOTHING;
INSERT INTO public.tbl_document_merchandise (id, documentid, merchandiseid, creation_date, update_date, quantity, unitprice_ht, cost_ht, discount_percentage, cost_net_ht, cost_discount_value, tva_value, cost_ttc) VALUES (443, 299, 60, '2026-03-10 21:44:52.895283', '2026-03-10 21:44:52.895284', 3.5880, 2184.8740, 7839.3280, 0.00, 7839.3280, 0.0000, 0.0000, 9328.8000) ON CONFLICT DO NOTHING;
INSERT INTO public.tbl_document_merchandise (id, documentid, merchandiseid, creation_date, update_date, quantity, unitprice_ht, cost_ht, discount_percentage, cost_net_ht, cost_discount_value, tva_value, cost_ttc) VALUES (444, 299, 62, '2026-03-10 21:44:52.895572', '2026-03-10 21:44:52.895572', 3.6570, 2226.8910, 8143.7400, 7.55, 7528.8880, 614.8520, 0.0000, 8959.3770) ON CONFLICT DO NOTHING;
INSERT INTO public.tbl_document_merchandise (id, documentid, merchandiseid, creation_date, update_date, quantity, unitprice_ht, cost_ht, discount_percentage, cost_net_ht, cost_discount_value, tva_value, cost_ttc) VALUES (445, 299, 63, '2026-03-10 21:44:52.895762', '2026-03-10 21:44:52.895762', 4.0480, 1764.7060, 7143.5300, 0.00, 7143.5300, 0.0000, 0.0000, 8500.8010) ON CONFLICT DO NOTHING;
INSERT INTO public.tbl_document_merchandise (id, documentid, merchandiseid, creation_date, update_date, quantity, unitprice_ht, cost_ht, discount_percentage, cost_net_ht, cost_discount_value, tva_value, cost_ttc) VALUES (446, 299, 64, '2026-03-10 21:44:52.897315', '2026-03-10 21:44:52.897315', 30.0000, 193.2770, 5798.3100, 5.00, 5508.3940, 289.9160, 0.0000, 6554.9890) ON CONFLICT DO NOTHING;
INSERT INTO public.tbl_document_merchandise (id, documentid, merchandiseid, creation_date, update_date, quantity, unitprice_ht, cost_ht, discount_percentage, cost_net_ht, cost_discount_value, tva_value, cost_ttc) VALUES (362, 301, 65, '2026-03-10 08:44:03.185649', '2026-03-10 08:44:03.185691', 30.0000, 194.7750, 5843.2500, 16.00, 4908.3300, 934.9200, 0.0000, 5840.9130) ON CONFLICT DO NOTHING;
INSERT INTO public.tbl_document_merchandise (id, documentid, merchandiseid, creation_date, update_date, quantity, unitprice_ht, cost_ht, discount_percentage, cost_net_ht, cost_discount_value, tva_value, cost_ttc) VALUES (363, 302, 66, '2026-03-10 14:59:31.198238', '2026-03-10 14:59:31.19826', 90.0000, 141.1200, 12700.8000, 16.00, 10668.6720, 2032.1280, 0.0000, 12695.7200) ON CONFLICT DO NOTHING;
INSERT INTO public.tbl_document_merchandise (id, documentid, merchandiseid, creation_date, update_date, quantity, unitprice_ht, cost_ht, discount_percentage, cost_net_ht, cost_discount_value, tva_value, cost_ttc) VALUES (364, 303, 66, '2026-03-10 15:20:02.718075', '2026-03-10 15:20:02.718106', 90.0000, 141.1200, 12700.8000, 16.00, 10668.6720, 2032.1280, 0.0000, 12695.7200) ON CONFLICT DO NOTHING;
INSERT INTO public.tbl_document_merchandise (id, documentid, merchandiseid, creation_date, update_date, quantity, unitprice_ht, cost_ht, discount_percentage, cost_net_ht, cost_discount_value, tva_value, cost_ttc) VALUES (365, 304, 66, '2026-03-10 15:22:59.814502', '2026-03-10 15:22:59.814502', 90.0000, 141.1200, 12700.8000, 16.00, 10668.6720, 2032.1280, 0.0000, 12695.7200) ON CONFLICT DO NOTHING;
INSERT INTO public.tbl_document_merchandise (id, documentid, merchandiseid, creation_date, update_date, quantity, unitprice_ht, cost_ht, discount_percentage, cost_net_ht, cost_discount_value, tva_value, cost_ttc) VALUES (366, 305, 66, '2026-03-10 15:24:14.576276', '2026-03-10 15:24:14.576319', 90.0000, 141.1200, 12700.8000, 16.00, 10668.6720, 2032.1280, 0.0000, 12695.7200) ON CONFLICT DO NOTHING;
INSERT INTO public.tbl_document_merchandise (id, documentid, merchandiseid, creation_date, update_date, quantity, unitprice_ht, cost_ht, discount_percentage, cost_net_ht, cost_discount_value, tva_value, cost_ttc) VALUES (367, 306, 66, '2026-03-10 15:27:07.001307', '2026-03-10 15:27:07.001358', 90.0000, 141.1200, 12700.8000, 16.00, 10668.6720, 2032.1280, 0.0000, 12695.7200) ON CONFLICT DO NOTHING;
INSERT INTO public.tbl_document_merchandise (id, documentid, merchandiseid, creation_date, update_date, quantity, unitprice_ht, cost_ht, discount_percentage, cost_net_ht, cost_discount_value, tva_value, cost_ttc) VALUES (368, 307, 66, '2026-03-10 15:52:43.820395', '2026-03-10 15:52:43.820431', 90.0000, 141.1200, 12700.8000, 16.00, 10668.6720, 2032.1280, 2027.0480, 12695.7200) ON CONFLICT DO NOTHING;
INSERT INTO public.tbl_document_merchandise (id, documentid, merchandiseid, creation_date, update_date, quantity, unitprice_ht, cost_ht, discount_percentage, cost_net_ht, cost_discount_value, tva_value, cost_ttc) VALUES (369, 308, 66, '2026-03-10 15:56:50.238047', '2026-03-10 15:56:50.238048', 90.0000, 141.1200, 12700.8000, 2.00, 12446.7840, 254.0160, 2364.8890, 14811.6730) ON CONFLICT DO NOTHING;
INSERT INTO public.tbl_document_merchandise (id, documentid, merchandiseid, creation_date, update_date, quantity, unitprice_ht, cost_ht, discount_percentage, cost_net_ht, cost_discount_value, tva_value, cost_ttc) VALUES (370, 309, 66, '2026-03-10 16:01:08.861105', '2026-03-10 16:01:08.870205', 90.0000, 141.1200, 12700.8000, 16.00, 10668.6720, 2032.1280, 0.0000, 12695.7200) ON CONFLICT DO NOTHING;
INSERT INTO public.tbl_document_merchandise (id, documentid, merchandiseid, creation_date, update_date, quantity, unitprice_ht, cost_ht, discount_percentage, cost_net_ht, cost_discount_value, tva_value, cost_ttc) VALUES (371, 310, 66, '2026-03-10 16:03:20.208878', '2026-03-10 16:03:20.208879', 90.0000, 141.1200, 12700.8000, 16.00, 10668.6720, 2032.1280, 0.0000, 12695.7200) ON CONFLICT DO NOTHING;
INSERT INTO public.tbl_document_merchandise (id, documentid, merchandiseid, creation_date, update_date, quantity, unitprice_ht, cost_ht, discount_percentage, cost_net_ht, cost_discount_value, tva_value, cost_ttc) VALUES (372, 311, 67, '2026-03-10 16:38:48.114819', '2026-03-10 16:38:48.114852', 90.0000, 141.1200, 12700.8000, 16.00, 10668.6720, 2032.1280, 0.0000, 12695.7200) ON CONFLICT DO NOTHING;
INSERT INTO public.tbl_document_merchandise (id, documentid, merchandiseid, creation_date, update_date, quantity, unitprice_ht, cost_ht, discount_percentage, cost_net_ht, cost_discount_value, tva_value, cost_ttc) VALUES (373, 312, 66, '2026-03-10 16:54:00.956416', '2026-03-10 16:54:00.956417', 30.0000, 0.0000, 0.0000, 0.00, 0.0000, 0.0000, 0.0000, 0.0000) ON CONFLICT DO NOTHING;
INSERT INTO public.tbl_document_merchandise (id, documentid, merchandiseid, creation_date, update_date, quantity, unitprice_ht, cost_ht, discount_percentage, cost_net_ht, cost_discount_value, tva_value, cost_ttc) VALUES (374, 313, 66, '2026-03-10 16:54:00.956417', '2026-03-10 16:54:00.956417', 30.0000, 0.0000, 0.0000, 0.00, 0.0000, 0.0000, 0.0000, 0.0000) ON CONFLICT DO NOTHING;
INSERT INTO public.tbl_document_merchandise (id, documentid, merchandiseid, creation_date, update_date, quantity, unitprice_ht, cost_ht, discount_percentage, cost_net_ht, cost_discount_value, tva_value, cost_ttc) VALUES (375, 314, 66, '2026-03-10 16:57:03.063455', '2026-03-10 16:57:03.063456', 60.0000, 0.0000, 0.0000, 0.00, 0.0000, 0.0000, 0.0000, 0.0000) ON CONFLICT DO NOTHING;
INSERT INTO public.tbl_document_merchandise (id, documentid, merchandiseid, creation_date, update_date, quantity, unitprice_ht, cost_ht, discount_percentage, cost_net_ht, cost_discount_value, tva_value, cost_ttc) VALUES (376, 315, 66, '2026-03-10 16:57:03.063456', '2026-03-10 16:57:03.063456', 60.0000, 0.0000, 0.0000, 0.00, 0.0000, 0.0000, 0.0000, 0.0000) ON CONFLICT DO NOTHING;
INSERT INTO public.tbl_document_merchandise (id, documentid, merchandiseid, creation_date, update_date, quantity, unitprice_ht, cost_ht, discount_percentage, cost_net_ht, cost_discount_value, tva_value, cost_ttc) VALUES (448, 316, 68, '2026-03-10 21:49:28.607985', '2026-03-10 21:49:28.607985', 2.7710, 2227.1510, 6171.4350, 0.00, 6171.4350, 0.0000, 0.0000, 7344.0080) ON CONFLICT DO NOTHING;
INSERT INTO public.tbl_document_merchandise (id, documentid, merchandiseid, creation_date, update_date, quantity, unitprice_ht, cost_ht, discount_percentage, cost_net_ht, cost_discount_value, tva_value, cost_ttc) VALUES (449, 317, 56, '2026-03-10 21:51:45.884716', '2026-03-10 21:51:45.884716', 0.6980, 0.0000, 0.0000, 0.00, 0.0000, 0.0000, 0.0000, 0.0000) ON CONFLICT DO NOTHING;
INSERT INTO public.tbl_document_merchandise (id, documentid, merchandiseid, creation_date, update_date, quantity, unitprice_ht, cost_ht, discount_percentage, cost_net_ht, cost_discount_value, tva_value, cost_ttc) VALUES (450, 318, 56, '2026-03-10 21:51:45.884717', '2026-03-10 21:51:45.884717', 0.6980, 0.0000, 0.0000, 0.00, 0.0000, 0.0000, 0.0000, 0.0000) ON CONFLICT DO NOTHING;
INSERT INTO public.tbl_document_merchandise (id, documentid, merchandiseid, creation_date, update_date, quantity, unitprice_ht, cost_ht, discount_percentage, cost_net_ht, cost_discount_value, tva_value, cost_ttc) VALUES (451, 319, 69, '2026-03-11 08:41:00.365087', '2026-03-11 08:41:00.365141', 1.0000, 109.6150, 109.6150, 0.00, 109.6150, 0.0000, 0.0000, 130.4420) ON CONFLICT DO NOTHING;
INSERT INTO public.tbl_document_merchandise (id, documentid, merchandiseid, creation_date, update_date, quantity, unitprice_ht, cost_ht, discount_percentage, cost_net_ht, cost_discount_value, tva_value, cost_ttc) VALUES (452, 320, 70, '2026-03-11 20:44:25.304132', '2026-03-11 20:44:25.304173', 4200.0000, 0.1850, 777.0000, 0.00, 777.0000, 0.0000, 0.0000, 924.6300) ON CONFLICT DO NOTHING;
INSERT INTO public.tbl_document_merchandise (id, documentid, merchandiseid, creation_date, update_date, quantity, unitprice_ht, cost_ht, discount_percentage, cost_net_ht, cost_discount_value, tva_value, cost_ttc) VALUES (453, 321, 66, '2026-03-12 07:09:32.222787', '2026-03-12 07:09:32.222842', 60.0000, 123.1230, 7387.3800, 0.00, 7387.3800, 0.0000, 0.0000, 8790.9822) ON CONFLICT DO NOTHING;
INSERT INTO public.tbl_document_merchandise (id, documentid, merchandiseid, creation_date, update_date, quantity, unitprice_ht, cost_ht, discount_percentage, cost_net_ht, cost_discount_value, tva_value, cost_ttc) VALUES (454, 322, 56, '2026-03-13 15:29:59.545431', '2026-03-13 15:29:59.545465', 1.2560, 0.0000, 0.0000, 0.00, 0.0000, 0.0000, 0.0000, 0.0000) ON CONFLICT DO NOTHING;
INSERT INTO public.tbl_document_merchandise (id, documentid, merchandiseid, creation_date, update_date, quantity, unitprice_ht, cost_ht, discount_percentage, cost_net_ht, cost_discount_value, tva_value, cost_ttc) VALUES (455, 323, 47, '2026-03-13 18:44:35.203896', '2026-03-13 18:44:35.203951', 10.0000, 0.0000, 0.0000, 0.00, 0.0000, 0.0000, 0.0000, 0.0000) ON CONFLICT DO NOTHING;
INSERT INTO public.tbl_document_merchandise (id, documentid, merchandiseid, creation_date, update_date, quantity, unitprice_ht, cost_ht, discount_percentage, cost_net_ht, cost_discount_value, tva_value, cost_ttc) VALUES (456, 324, 47, '2026-03-13 18:44:35.203989', '2026-03-13 18:44:35.203989', 10.0000, 0.0000, 0.0000, 0.00, 0.0000, 0.0000, 0.0000, 0.0000) ON CONFLICT DO NOTHING;
INSERT INTO public.tbl_document_merchandise (id, documentid, merchandiseid, creation_date, update_date, quantity, unitprice_ht, cost_ht, discount_percentage, cost_net_ht, cost_discount_value, tva_value, cost_ttc) VALUES (457, 323, 48, '2026-03-13 18:44:35.284449', '2026-03-13 18:44:35.28445', 5.0000, 0.0000, 0.0000, 0.00, 0.0000, 0.0000, 0.0000, 0.0000) ON CONFLICT DO NOTHING;
INSERT INTO public.tbl_document_merchandise (id, documentid, merchandiseid, creation_date, update_date, quantity, unitprice_ht, cost_ht, discount_percentage, cost_net_ht, cost_discount_value, tva_value, cost_ttc) VALUES (458, 324, 48, '2026-03-13 18:44:35.28445', '2026-03-13 18:44:35.28445', 5.0000, 0.0000, 0.0000, 0.00, 0.0000, 0.0000, 0.0000, 0.0000) ON CONFLICT DO NOTHING;
INSERT INTO public.tbl_document_merchandise (id, documentid, merchandiseid, creation_date, update_date, quantity, unitprice_ht, cost_ht, discount_percentage, cost_net_ht, cost_discount_value, tva_value, cost_ttc) VALUES (459, 332, 47, '2026-03-13 19:07:26.436209', '2026-03-13 19:07:26.436263', 5.0000, 205.8820, 0.0000, 0.00, 1029.4100, 0.0000, 0.0000, 1224.9979) ON CONFLICT DO NOTHING;
INSERT INTO public.tbl_document_merchandise (id, documentid, merchandiseid, creation_date, update_date, quantity, unitprice_ht, cost_ht, discount_percentage, cost_net_ht, cost_discount_value, tva_value, cost_ttc) VALUES (460, 332, 48, '2026-03-13 19:07:34.411388', '2026-03-13 19:07:34.41139', 2.0000, 210.0840, 0.0000, 0.00, 420.1680, 0.0000, 0.0000, 499.9999) ON CONFLICT DO NOTHING;
INSERT INTO public.tbl_document_merchandise (id, documentid, merchandiseid, creation_date, update_date, quantity, unitprice_ht, cost_ht, discount_percentage, cost_net_ht, cost_discount_value, tva_value, cost_ttc) VALUES (461, 333, 52, '2026-03-14 20:01:20.41549', '2026-03-14 20:01:20.415551', 5.0000, 0.0000, 0.0000, 0.00, 0.0000, 0.0000, 0.0000, 0.0000) ON CONFLICT DO NOTHING;
INSERT INTO public.tbl_document_merchandise (id, documentid, merchandiseid, creation_date, update_date, quantity, unitprice_ht, cost_ht, discount_percentage, cost_net_ht, cost_discount_value, tva_value, cost_ttc) VALUES (462, 334, 52, '2026-03-14 20:01:20.4156', '2026-03-14 20:01:20.415601', 5.0000, 0.0000, 0.0000, 0.00, 0.0000, 0.0000, 0.0000, 0.0000) ON CONFLICT DO NOTHING;
INSERT INTO public.tbl_document_merchandise (id, documentid, merchandiseid, creation_date, update_date, quantity, unitprice_ht, cost_ht, discount_percentage, cost_net_ht, cost_discount_value, tva_value, cost_ttc) VALUES (463, 335, 52, '2026-03-14 20:07:03.595512', '2026-03-14 20:07:03.595513', 5.0000, 0.0000, 0.0000, 0.00, 0.0000, 0.0000, 0.0000, 0.0000) ON CONFLICT DO NOTHING;
INSERT INTO public.tbl_document_merchandise (id, documentid, merchandiseid, creation_date, update_date, quantity, unitprice_ht, cost_ht, discount_percentage, cost_net_ht, cost_discount_value, tva_value, cost_ttc) VALUES (464, 336, 47, '2026-03-15 11:23:33.930872', '2026-03-15 11:23:33.930913', 5.0000, 205.8820, 0.0000, 0.00, 1029.4100, 0.0000, 0.0000, 1224.9979) ON CONFLICT DO NOTHING;
INSERT INTO public.tbl_document_merchandise (id, documentid, merchandiseid, creation_date, update_date, quantity, unitprice_ht, cost_ht, discount_percentage, cost_net_ht, cost_discount_value, tva_value, cost_ttc) VALUES (465, 336, 48, '2026-03-15 11:23:33.940338', '2026-03-15 11:23:33.940338', 1.0000, 210.0840, 0.0000, 0.00, 210.0840, 0.0000, 0.0000, 250.0000) ON CONFLICT DO NOTHING;
INSERT INTO public.tbl_document_merchandise (id, documentid, merchandiseid, creation_date, update_date, quantity, unitprice_ht, cost_ht, discount_percentage, cost_net_ht, cost_discount_value, tva_value, cost_ttc) VALUES (466, 337, 52, '2026-03-15 11:34:09.13748', '2026-03-15 11:34:09.13748', 3.0000, 210.0840, 0.0000, 0.00, 630.2520, 0.0000, 0.0000, 749.9999) ON CONFLICT DO NOTHING;
INSERT INTO public.tbl_document_merchandise (id, documentid, merchandiseid, creation_date, update_date, quantity, unitprice_ht, cost_ht, discount_percentage, cost_net_ht, cost_discount_value, tva_value, cost_ttc) VALUES (467, 338, 69, '2026-03-17 20:18:46.108905', '2026-03-17 20:18:46.108954', 1.0000, 0.0000, 0.0000, 0.00, 0.0000, 0.0000, 0.0000, 0.0000) ON CONFLICT DO NOTHING;
INSERT INTO public.tbl_document_merchandise (id, documentid, merchandiseid, creation_date, update_date, quantity, unitprice_ht, cost_ht, discount_percentage, cost_net_ht, cost_discount_value, tva_value, cost_ttc) VALUES (468, 339, 69, '2026-03-17 20:18:46.108993', '2026-03-17 20:18:46.108993', 1.0000, 0.0000, 0.0000, 0.00, 0.0000, 0.0000, 0.0000, 0.0000) ON CONFLICT DO NOTHING;
INSERT INTO public.tbl_document_merchandise (id, documentid, merchandiseid, creation_date, update_date, quantity, unitprice_ht, cost_ht, discount_percentage, cost_net_ht, cost_discount_value, tva_value, cost_ttc) VALUES (469, 340, 56, '2026-03-18 05:08:44.474522', '2026-03-18 05:08:44.474562', 0.1160, 2016.8070, 0.0000, 0.00, 233.9496, 0.0000, 0.0000, 278.4000) ON CONFLICT DO NOTHING;
INSERT INTO public.tbl_document_merchandise (id, documentid, merchandiseid, creation_date, update_date, quantity, unitprice_ht, cost_ht, discount_percentage, cost_net_ht, cost_discount_value, tva_value, cost_ttc) VALUES (470, 341, 56, '2026-03-18 05:26:54.877335', '2026-03-18 05:26:54.877336', 0.2090, 0.0000, 0.0000, 0.00, 0.0000, 0.0000, 0.0000, 0.0000) ON CONFLICT DO NOTHING;
INSERT INTO public.tbl_document_merchandise (id, documentid, merchandiseid, creation_date, update_date, quantity, unitprice_ht, cost_ht, discount_percentage, cost_net_ht, cost_discount_value, tva_value, cost_ttc) VALUES (471, 342, 56, '2026-03-18 05:26:54.877336', '2026-03-18 05:26:54.877336', 0.2090, 0.0000, 0.0000, 0.00, 0.0000, 0.0000, 0.0000, 0.0000) ON CONFLICT DO NOTHING;
INSERT INTO public.tbl_document_merchandise (id, documentid, merchandiseid, creation_date, update_date, quantity, unitprice_ht, cost_ht, discount_percentage, cost_net_ht, cost_discount_value, tva_value, cost_ttc) VALUES (472, 343, 56, '2026-03-18 05:29:55.471574', '2026-03-18 05:29:55.471574', 0.1140, 2016.8070, 0.0000, 0.00, 229.9160, 0.0000, 0.0000, 273.6000) ON CONFLICT DO NOTHING;


--
-- Data for Name: tbl_quantity_mouvements; Type: TABLE DATA; Schema: public; Owner: postgres
--

INSERT INTO public.tbl_quantity_mouvements (id, lengthids, quantity, creationdate, updatedate, document_merchandise_id) VALUES (161, '536,537,538,539,540,541', 3.8430, '2026-03-10 21:44:52.88394', '2026-03-10 21:44:52.88394', 442) ON CONFLICT DO NOTHING;
INSERT INTO public.tbl_quantity_mouvements (id, lengthids, quantity, creationdate, updatedate, document_merchandise_id) VALUES (162, '542,543,544,545', 3.5880, '2026-03-10 21:44:52.895291', '2026-03-10 21:44:52.895291', 443) ON CONFLICT DO NOTHING;
INSERT INTO public.tbl_quantity_mouvements (id, lengthids, quantity, creationdate, updatedate, document_merchandise_id) VALUES (163, '546,547,548', 3.6570, '2026-03-10 21:44:52.895575', '2026-03-10 21:44:52.895575', 444) ON CONFLICT DO NOTHING;
INSERT INTO public.tbl_quantity_mouvements (id, lengthids, quantity, creationdate, updatedate, document_merchandise_id) VALUES (164, '549', 4.0480, '2026-03-10 21:44:52.895764', '2026-03-10 21:44:52.895764', 445) ON CONFLICT DO NOTHING;
INSERT INTO public.tbl_quantity_mouvements (id, lengthids, quantity, creationdate, updatedate, document_merchandise_id) VALUES (166, '553,554,555,556,557,558', 2.7710, '2026-03-10 21:49:28.608003', '2026-03-10 21:49:28.608003', 448) ON CONFLICT DO NOTHING;
INSERT INTO public.tbl_quantity_mouvements (id, lengthids, quantity, creationdate, updatedate, document_merchandise_id) VALUES (168, '0,0,0,0,0,0', 0.6980, '2026-03-10 21:51:45.885531', '2026-03-10 21:51:45.885531', 450) ON CONFLICT DO NOTHING;
INSERT INTO public.tbl_quantity_mouvements (id, lengthids, quantity, creationdate, updatedate, document_merchandise_id) VALUES (167, '559,560,561', -0.6980, '2026-03-10 21:51:45.885478', '2026-03-10 21:51:45.885479', 449) ON CONFLICT DO NOTHING;
INSERT INTO public.tbl_quantity_mouvements (id, lengthids, quantity, creationdate, updatedate, document_merchandise_id) VALUES (169, '571,572,573', 0.1160, '2026-03-18 05:08:44.479286', '2026-03-18 05:08:44.479329', 469) ON CONFLICT DO NOTHING;
INSERT INTO public.tbl_quantity_mouvements (id, lengthids, quantity, creationdate, updatedate, document_merchandise_id) VALUES (171, '0,0,0,0,0,0', 0.2090, '2026-03-18 05:26:54.878227', '2026-03-18 05:26:54.878227', 471) ON CONFLICT DO NOTHING;
INSERT INTO public.tbl_quantity_mouvements (id, lengthids, quantity, creationdate, updatedate, document_merchandise_id) VALUES (170, '578', -0.2090, '2026-03-18 05:26:54.878142', '2026-03-18 05:26:54.878142', 470) ON CONFLICT DO NOTHING;
INSERT INTO public.tbl_quantity_mouvements (id, lengthids, quantity, creationdate, updatedate, document_merchandise_id) VALUES (172, '586', 0.1140, '2026-03-18 05:29:55.471844', '2026-03-18 05:29:55.471844', 472) ON CONFLICT DO NOTHING;


--
-- Data for Name: tbl_list_of_lengths; Type: TABLE DATA; Schema: public; Owner: postgres
--

INSERT INTO public.tbl_list_of_lengths (id, numberofpieces, quantity, lengthappvarid, quantitymouvementid) VALUES (553, 10, 0.3213, 22, 166) ON CONFLICT DO NOTHING;
INSERT INTO public.tbl_list_of_lengths (id, numberofpieces, quantity, lengthappvarid, quantitymouvementid) VALUES (554, 12, 0.4082, 23, 166) ON CONFLICT DO NOTHING;
INSERT INTO public.tbl_list_of_lengths (id, numberofpieces, quantity, lengthappvarid, quantitymouvementid) VALUES (555, 14, 0.5027, 24, 166) ON CONFLICT DO NOTHING;
INSERT INTO public.tbl_list_of_lengths (id, numberofpieces, quantity, lengthappvarid, quantitymouvementid) VALUES (556, 16, 0.4234, 12, 166) ON CONFLICT DO NOTHING;
INSERT INTO public.tbl_list_of_lengths (id, numberofpieces, quantity, lengthappvarid, quantitymouvementid) VALUES (557, 18, 0.5103, 13, 166) ON CONFLICT DO NOTHING;
INSERT INTO public.tbl_list_of_lengths (id, numberofpieces, quantity, lengthappvarid, quantitymouvementid) VALUES (558, 20, 0.6048, 21, 166) ON CONFLICT DO NOTHING;
INSERT INTO public.tbl_list_of_lengths (id, numberofpieces, quantity, lengthappvarid, quantitymouvementid) VALUES (559, 10, 0.2115, 8, 167) ON CONFLICT DO NOTHING;
INSERT INTO public.tbl_list_of_lengths (id, numberofpieces, quantity, lengthappvarid, quantitymouvementid) VALUES (560, 10, 0.2327, 9, 167) ON CONFLICT DO NOTHING;
INSERT INTO public.tbl_list_of_lengths (id, numberofpieces, quantity, lengthappvarid, quantitymouvementid) VALUES (561, 10, 0.2538, 10, 167) ON CONFLICT DO NOTHING;
INSERT INTO public.tbl_list_of_lengths (id, numberofpieces, quantity, lengthappvarid, quantitymouvementid) VALUES (562, 0, 0.0000, 11, 167) ON CONFLICT DO NOTHING;
INSERT INTO public.tbl_list_of_lengths (id, numberofpieces, quantity, lengthappvarid, quantitymouvementid) VALUES (563, 0, 0.0000, 7, 167) ON CONFLICT DO NOTHING;
INSERT INTO public.tbl_list_of_lengths (id, numberofpieces, quantity, lengthappvarid, quantitymouvementid) VALUES (564, 0, 0.0000, 262, 167) ON CONFLICT DO NOTHING;
INSERT INTO public.tbl_list_of_lengths (id, numberofpieces, quantity, lengthappvarid, quantitymouvementid) VALUES (565, 10, 0.2115, 8, 168) ON CONFLICT DO NOTHING;
INSERT INTO public.tbl_list_of_lengths (id, numberofpieces, quantity, lengthappvarid, quantitymouvementid) VALUES (566, 10, 0.2327, 9, 168) ON CONFLICT DO NOTHING;
INSERT INTO public.tbl_list_of_lengths (id, numberofpieces, quantity, lengthappvarid, quantitymouvementid) VALUES (567, 10, 0.2538, 10, 168) ON CONFLICT DO NOTHING;
INSERT INTO public.tbl_list_of_lengths (id, numberofpieces, quantity, lengthappvarid, quantitymouvementid) VALUES (568, 0, 0.0000, 11, 168) ON CONFLICT DO NOTHING;
INSERT INTO public.tbl_list_of_lengths (id, numberofpieces, quantity, lengthappvarid, quantitymouvementid) VALUES (569, 0, 0.0000, 7, 168) ON CONFLICT DO NOTHING;
INSERT INTO public.tbl_list_of_lengths (id, numberofpieces, quantity, lengthappvarid, quantitymouvementid) VALUES (570, 0, 0.0000, 262, 168) ON CONFLICT DO NOTHING;
INSERT INTO public.tbl_list_of_lengths (id, numberofpieces, quantity, lengthappvarid, quantitymouvementid) VALUES (571, 2, 0.0423, 8, 169) ON CONFLICT DO NOTHING;
INSERT INTO public.tbl_list_of_lengths (id, numberofpieces, quantity, lengthappvarid, quantitymouvementid) VALUES (572, 1, 0.0233, 9, 169) ON CONFLICT DO NOTHING;
INSERT INTO public.tbl_list_of_lengths (id, numberofpieces, quantity, lengthappvarid, quantitymouvementid) VALUES (573, 2, 0.0508, 10, 169) ON CONFLICT DO NOTHING;
INSERT INTO public.tbl_list_of_lengths (id, numberofpieces, quantity, lengthappvarid, quantitymouvementid) VALUES (574, 0, 0.0000, 8, 170) ON CONFLICT DO NOTHING;
INSERT INTO public.tbl_list_of_lengths (id, numberofpieces, quantity, lengthappvarid, quantitymouvementid) VALUES (575, 0, 0.0000, 9, 170) ON CONFLICT DO NOTHING;
INSERT INTO public.tbl_list_of_lengths (id, numberofpieces, quantity, lengthappvarid, quantitymouvementid) VALUES (576, 0, 0.0000, 10, 170) ON CONFLICT DO NOTHING;
INSERT INTO public.tbl_list_of_lengths (id, numberofpieces, quantity, lengthappvarid, quantitymouvementid) VALUES (577, 0, 0.0000, 11, 170) ON CONFLICT DO NOTHING;
INSERT INTO public.tbl_list_of_lengths (id, numberofpieces, quantity, lengthappvarid, quantitymouvementid) VALUES (578, 11, 0.2094, 7, 170) ON CONFLICT DO NOTHING;
INSERT INTO public.tbl_list_of_lengths (id, numberofpieces, quantity, lengthappvarid, quantitymouvementid) VALUES (579, 0, 0.0000, 262, 170) ON CONFLICT DO NOTHING;
INSERT INTO public.tbl_list_of_lengths (id, numberofpieces, quantity, lengthappvarid, quantitymouvementid) VALUES (580, 0, 0.0000, 8, 171) ON CONFLICT DO NOTHING;
INSERT INTO public.tbl_list_of_lengths (id, numberofpieces, quantity, lengthappvarid, quantitymouvementid) VALUES (581, 0, 0.0000, 9, 171) ON CONFLICT DO NOTHING;
INSERT INTO public.tbl_list_of_lengths (id, numberofpieces, quantity, lengthappvarid, quantitymouvementid) VALUES (582, 0, 0.0000, 10, 171) ON CONFLICT DO NOTHING;
INSERT INTO public.tbl_list_of_lengths (id, numberofpieces, quantity, lengthappvarid, quantitymouvementid) VALUES (583, 0, 0.0000, 11, 171) ON CONFLICT DO NOTHING;
INSERT INTO public.tbl_list_of_lengths (id, numberofpieces, quantity, lengthappvarid, quantitymouvementid) VALUES (584, 11, 0.2094, 7, 171) ON CONFLICT DO NOTHING;
INSERT INTO public.tbl_list_of_lengths (id, numberofpieces, quantity, lengthappvarid, quantitymouvementid) VALUES (585, 0, 0.0000, 262, 171) ON CONFLICT DO NOTHING;
INSERT INTO public.tbl_list_of_lengths (id, numberofpieces, quantity, lengthappvarid, quantitymouvementid) VALUES (586, 6, 0.1142, 7, 172) ON CONFLICT DO NOTHING;
INSERT INTO public.tbl_list_of_lengths (id, numberofpieces, quantity, lengthappvarid, quantitymouvementid) VALUES (536, 20, 0.4230, 8, 161) ON CONFLICT DO NOTHING;
INSERT INTO public.tbl_list_of_lengths (id, numberofpieces, quantity, lengthappvarid, quantitymouvementid) VALUES (537, 26, 0.6049, 9, 161) ON CONFLICT DO NOTHING;
INSERT INTO public.tbl_list_of_lengths (id, numberofpieces, quantity, lengthappvarid, quantitymouvementid) VALUES (538, 50, 1.2690, 10, 161) ON CONFLICT DO NOTHING;
INSERT INTO public.tbl_list_of_lengths (id, numberofpieces, quantity, lengthappvarid, quantitymouvementid) VALUES (539, 38, 1.0448, 11, 161) ON CONFLICT DO NOTHING;
INSERT INTO public.tbl_list_of_lengths (id, numberofpieces, quantity, lengthappvarid, quantitymouvementid) VALUES (540, 21, 0.3997, 7, 161) ON CONFLICT DO NOTHING;
INSERT INTO public.tbl_list_of_lengths (id, numberofpieces, quantity, lengthappvarid, quantitymouvementid) VALUES (541, 6, 0.1015, 262, 161) ON CONFLICT DO NOTHING;
INSERT INTO public.tbl_list_of_lengths (id, numberofpieces, quantity, lengthappvarid, quantitymouvementid) VALUES (542, 27, 0.6926, 8, 162) ON CONFLICT DO NOTHING;
INSERT INTO public.tbl_list_of_lengths (id, numberofpieces, quantity, lengthappvarid, quantitymouvementid) VALUES (543, 32, 0.9029, 9, 162) ON CONFLICT DO NOTHING;
INSERT INTO public.tbl_list_of_lengths (id, numberofpieces, quantity, lengthappvarid, quantitymouvementid) VALUES (544, 46, 1.4159, 10, 162) ON CONFLICT DO NOTHING;
INSERT INTO public.tbl_list_of_lengths (id, numberofpieces, quantity, lengthappvarid, quantitymouvementid) VALUES (545, 25, 0.5771, 7, 162) ON CONFLICT DO NOTHING;
INSERT INTO public.tbl_list_of_lengths (id, numberofpieces, quantity, lengthappvarid, quantitymouvementid) VALUES (546, 80, 0.9900, 9, 163) ON CONFLICT DO NOTHING;
INSERT INTO public.tbl_list_of_lengths (id, numberofpieces, quantity, lengthappvarid, quantitymouvementid) VALUES (547, 138, 1.8630, 10, 163) ON CONFLICT DO NOTHING;
INSERT INTO public.tbl_list_of_lengths (id, numberofpieces, quantity, lengthappvarid, quantitymouvementid) VALUES (548, 55, 0.8044, 11, 163) ON CONFLICT DO NOTHING;
INSERT INTO public.tbl_list_of_lengths (id, numberofpieces, quantity, lengthappvarid, quantitymouvementid) VALUES (549, 126, 4.0484, 22, 164) ON CONFLICT DO NOTHING;


--
-- Data for Name: tbl_pending_notification; Type: TABLE DATA; Schema: public; Owner: postgres
--

INSERT INTO public.tbl_pending_notification (id, content, targetgroup, status, retry_count, created_at, last_attempt_at, delivered_at, error_message) VALUES (30, '{"NotificationType":"TransferCreated","TransferId":70,"Reference":"RaouedPlage-Cit\u00E9ElGhazela-26-03-10-17:54","OriginSite":"Raoued Plage","ItemsCount":1,"CreatedAt":"2026-03-10T16:54:01.1392135Z","confirmationCode":null,"AdditionalData":{"ExitDocNumber":"TS-26-001","ReceiptDocNumber":"TS-26-002"}}', '1', 2, 0, '2026-03-10 16:54:01.147899', NULL, '2026-03-10 16:54:01.220301', NULL) ON CONFLICT DO NOTHING;
INSERT INTO public.tbl_pending_notification (id, content, targetgroup, status, retry_count, created_at, last_attempt_at, delivered_at, error_message) VALUES (31, '{"NotificationType":"TransferCreated","TransferId":71,"Reference":"RaouedPlage-SidiAmor-26-03-10-17:57","OriginSite":"Raoued Plage","ItemsCount":1,"CreatedAt":"2026-03-10T16:57:03.1077466Z","confirmationCode":null,"AdditionalData":{"ExitDocNumber":"TS-26-003","ReceiptDocNumber":"TS-26-004"}}', '2', 2, 0, '2026-03-10 16:57:03.107803', NULL, '2026-03-10 16:57:03.121623', NULL) ON CONFLICT DO NOTHING;
INSERT INTO public.tbl_pending_notification (id, content, targetgroup, status, retry_count, created_at, last_attempt_at, delivered_at, error_message) VALUES (32, '{"NotificationType":"TransferCreated","TransferId":72,"Reference":"RaouedPlage-Cit\u00E9ElGhazela-26-03-10-22:51","OriginSite":"Raoued Plage","ItemsCount":1,"CreatedAt":"2026-03-10T21:51:45.9837665Z","confirmationCode":null,"AdditionalData":{"ExitDocNumber":"TS-26-005","ReceiptDocNumber":"TS-26-006"}}', '1', 2, 0, '2026-03-10 21:51:45.988919', NULL, '2026-03-10 21:51:46.021437', NULL) ON CONFLICT DO NOTHING;
INSERT INTO public.tbl_pending_notification (id, content, targetgroup, status, retry_count, created_at, last_attempt_at, delivered_at, error_message) VALUES (33, '{"NotificationType":"TransferCreated","TransferId":73,"Reference":"RaouedPlage-Cit\u00E9ElGhazela-26-03-13-19:44","OriginSite":"Raoued Plage","ItemsCount":2,"CreatedAt":"2026-03-13T18:44:35.5583384Z","confirmationCode":null,"AdditionalData":{"ExitDocNumber":"TS-26-007","ReceiptDocNumber":"TS-26-008"}}', '1', 2, 0, '2026-03-13 18:44:35.564271', NULL, '2026-03-13 18:44:35.612469', NULL) ON CONFLICT DO NOTHING;
INSERT INTO public.tbl_pending_notification (id, content, targetgroup, status, retry_count, created_at, last_attempt_at, delivered_at, error_message) VALUES (34, '{"NotificationType":"TransferCreated","TransferId":74,"Reference":"RaouedPlage-SidiAmor-26-03-14-21:01","OriginSite":"Raoued Plage","ItemsCount":1,"CreatedAt":"2026-03-14T20:01:20.7128891Z","confirmationCode":null,"AdditionalData":{"ExitDocNumber":"TS-26-009","ReceiptDocNumber":"TS-26-010"}}', '2', 2, 0, '2026-03-14 20:01:20.715727', NULL, '2026-03-14 20:01:20.753239', NULL) ON CONFLICT DO NOTHING;
INSERT INTO public.tbl_pending_notification (id, content, targetgroup, status, retry_count, created_at, last_attempt_at, delivered_at, error_message) VALUES (35, '{"NotificationType":"TransferCreated","TransferId":75,"Reference":"SidiAmor-Cit\u00E9ElGhazela-26-03-17-21:18","OriginSite":"Sidi Amor","ItemsCount":1,"CreatedAt":"2026-03-17T20:18:46.4058232Z","confirmationCode":null,"AdditionalData":{"ExitDocNumber":"TS-26-011","ReceiptDocNumber":"TS-26-012"}}', '1', 1, 0, '2026-03-17 20:18:46.412385', NULL, '2026-03-17 20:18:46.462426', NULL) ON CONFLICT DO NOTHING;
INSERT INTO public.tbl_pending_notification (id, content, targetgroup, status, retry_count, created_at, last_attempt_at, delivered_at, error_message) VALUES (36, '{"NotificationType":"TransferCreated","TransferId":76,"Reference":"RaouedPlage-Cit\u00E9ElGhazela-26-03-18-06:26","OriginSite":"Raoued Plage","ItemsCount":1,"CreatedAt":"2026-03-18T05:26:55.0025199Z","confirmationCode":null,"AdditionalData":{"ExitDocNumber":"TS-26-013","ReceiptDocNumber":"TS-26-014"}}', '1', 2, 0, '2026-03-18 05:26:55.007869', NULL, '2026-03-18 05:26:55.040031', NULL) ON CONFLICT DO NOTHING;


--
-- Data for Name: tbl_stock; Type: TABLE DATA; Schema: public; Owner: postgres
--

INSERT INTO public.tbl_stock (id, type, idmerchandise, idsite, updatedbyid, creationdate, updatedate, quantity) VALUES (53, 1, 66, 1, 1, '2026-03-10 16:54:41.652061', '2026-03-10 16:54:41.652061', 30.0000) ON CONFLICT DO NOTHING;
INSERT INTO public.tbl_stock (id, type, idmerchandise, idsite, updatedbyid, creationdate, updatedate, quantity) VALUES (51, 2, 66, 3, 1, '2026-03-10 14:59:31.254734', '2026-03-10 16:57:03.102271', 720.0000) ON CONFLICT DO NOTHING;
INSERT INTO public.tbl_stock (id, type, idmerchandise, idsite, updatedbyid, creationdate, updatedate, quantity) VALUES (54, 1, 66, 2, 1, '2026-03-10 16:58:45.146347', '2026-03-10 16:58:45.146348', 60.0000) ON CONFLICT DO NOTHING;
INSERT INTO public.tbl_stock (id, type, idmerchandise, idsite, updatedbyid, creationdate, updatedate, quantity) VALUES (59, 1, 68, 3, 1, '2026-03-10 21:48:28.380298', '2026-03-10 21:49:28.654674', 2.7710) ON CONFLICT DO NOTHING;
INSERT INTO public.tbl_stock (id, type, idmerchandise, idsite, updatedbyid, creationdate, updatedate, quantity) VALUES (62, 1, 70, 1, 1, '2026-03-11 20:44:25.407952', '2026-03-11 20:44:25.408002', 4200.0000) ON CONFLICT DO NOTHING;
INSERT INTO public.tbl_stock (id, type, idmerchandise, idsite, updatedbyid, creationdate, updatedate, quantity) VALUES (37, 2, 47, 3, 1, '2026-03-07 20:30:24.9206', '2026-03-13 18:44:35.517925', 20.0000) ON CONFLICT DO NOTHING;
INSERT INTO public.tbl_stock (id, type, idmerchandise, idsite, updatedbyid, creationdate, updatedate, quantity) VALUES (38, 2, 48, 3, 1, '2026-03-07 20:30:24.962226', '2026-03-13 18:44:35.549021', 20.0000) ON CONFLICT DO NOTHING;
INSERT INTO public.tbl_stock (id, type, idmerchandise, idsite, updatedbyid, creationdate, updatedate, quantity) VALUES (42, 2, 52, 3, 1, '2026-03-07 20:30:25.002691', '2026-03-14 20:01:20.688787', 20.0000) ON CONFLICT DO NOTHING;
INSERT INTO public.tbl_stock (id, type, idmerchandise, idsite, updatedbyid, creationdate, updatedate, quantity) VALUES (65, 1, 52, 2, 1, '2026-03-14 20:05:26.741861', '2026-03-14 20:05:26.741921', 5.0000) ON CONFLICT DO NOTHING;
INSERT INTO public.tbl_stock (id, type, idmerchandise, idsite, updatedbyid, creationdate, updatedate, quantity) VALUES (47, 1, 57, 3, 1, '2026-03-07 20:51:54.246169', '2026-03-07 20:51:54.246169', 30.0000) ON CONFLICT DO NOTHING;
INSERT INTO public.tbl_stock (id, type, idmerchandise, idsite, updatedbyid, creationdate, updatedate, quantity) VALUES (48, 1, 58, 3, 1, '2026-03-07 20:51:54.255435', '2026-03-07 20:51:54.255436', 60.0000) ON CONFLICT DO NOTHING;
INSERT INTO public.tbl_stock (id, type, idmerchandise, idsite, updatedbyid, creationdate, updatedate, quantity) VALUES (49, 1, 59, 3, 1, '2026-03-07 20:51:54.264217', '2026-03-07 20:51:54.264217', 60.0000) ON CONFLICT DO NOTHING;
INSERT INTO public.tbl_stock (id, type, idmerchandise, idsite, updatedbyid, creationdate, updatedate, quantity) VALUES (50, 1, 65, 3, 1, '2026-03-10 08:44:03.255728', '2026-03-10 08:44:03.255796', 30.0000) ON CONFLICT DO NOTHING;
INSERT INTO public.tbl_stock (id, type, idmerchandise, idsite, updatedbyid, creationdate, updatedate, quantity) VALUES (63, 2, 47, 1, 2, '2026-03-13 18:46:36.395372', '2026-03-15 11:23:34.025732', 0.0000) ON CONFLICT DO NOTHING;
INSERT INTO public.tbl_stock (id, type, idmerchandise, idsite, updatedbyid, creationdate, updatedate, quantity) VALUES (64, 2, 48, 1, 2, '2026-03-13 18:46:36.430067', '2026-03-15 11:23:34.051152', 2.0000) ON CONFLICT DO NOTHING;
INSERT INTO public.tbl_stock (id, type, idmerchandise, idsite, updatedbyid, creationdate, updatedate, quantity) VALUES (66, 2, 52, 1, 2, '2026-03-15 02:42:37.851312', '2026-03-15 11:34:09.162007', 2.0000) ON CONFLICT DO NOTHING;
INSERT INTO public.tbl_stock (id, type, idmerchandise, idsite, updatedbyid, creationdate, updatedate, quantity) VALUES (61, 2, 69, 2, 1, '2026-03-11 08:41:00.525565', '2026-03-17 20:18:46.378399', 0.0000) ON CONFLICT DO NOTHING;
INSERT INTO public.tbl_stock (id, type, idmerchandise, idsite, updatedbyid, creationdate, updatedate, quantity) VALUES (46, 2, 56, 3, 1, '2026-03-07 20:30:25.03624', '2026-03-18 05:26:54.991387', 1.0470) ON CONFLICT DO NOTHING;
INSERT INTO public.tbl_stock (id, type, idmerchandise, idsite, updatedbyid, creationdate, updatedate, quantity) VALUES (60, 2, 56, 1, 1, '2026-03-10 21:52:37.734687', '2026-03-18 05:29:55.564039', 0.6770) ON CONFLICT DO NOTHING;
INSERT INTO public.tbl_stock (id, type, idmerchandise, idsite, updatedbyid, creationdate, updatedate, quantity) VALUES (52, 1, 67, 3, 1, '2026-03-10 16:38:48.196916', '2026-03-10 16:38:48.196978', 90.0000) ON CONFLICT DO NOTHING;
INSERT INTO public.tbl_stock (id, type, idmerchandise, idsite, updatedbyid, creationdate, updatedate, quantity) VALUES (39, 1, 49, 3, 1, '2026-03-07 20:30:24.970817', '2026-03-10 21:44:52.999434', 50.0000) ON CONFLICT DO NOTHING;
INSERT INTO public.tbl_stock (id, type, idmerchandise, idsite, updatedbyid, creationdate, updatedate, quantity) VALUES (40, 1, 50, 3, 1, '2026-03-07 20:30:24.98562', '2026-03-10 21:44:53.005009', 30.0000) ON CONFLICT DO NOTHING;
INSERT INTO public.tbl_stock (id, type, idmerchandise, idsite, updatedbyid, creationdate, updatedate, quantity) VALUES (41, 1, 51, 3, 1, '2026-03-07 20:30:24.994552', '2026-03-10 21:44:53.015995', 30.0000) ON CONFLICT DO NOTHING;
INSERT INTO public.tbl_stock (id, type, idmerchandise, idsite, updatedbyid, creationdate, updatedate, quantity) VALUES (43, 1, 53, 3, 1, '2026-03-07 20:30:25.010736', '2026-03-10 21:44:53.027182', 25.0000) ON CONFLICT DO NOTHING;
INSERT INTO public.tbl_stock (id, type, idmerchandise, idsite, updatedbyid, creationdate, updatedate, quantity) VALUES (44, 1, 54, 3, 1, '2026-03-07 20:30:25.01914', '2026-03-10 21:44:53.032622', 26.0000) ON CONFLICT DO NOTHING;
INSERT INTO public.tbl_stock (id, type, idmerchandise, idsite, updatedbyid, creationdate, updatedate, quantity) VALUES (45, 1, 55, 3, 1, '2026-03-07 20:30:25.027647', '2026-03-10 21:44:53.038633', 20.0000) ON CONFLICT DO NOTHING;
INSERT INTO public.tbl_stock (id, type, idmerchandise, idsite, updatedbyid, creationdate, updatedate, quantity) VALUES (55, 1, 60, 3, 1, '2026-03-10 21:24:29.228395', '2026-03-10 21:44:53.045369', 3.5880) ON CONFLICT DO NOTHING;
INSERT INTO public.tbl_stock (id, type, idmerchandise, idsite, updatedbyid, creationdate, updatedate, quantity) VALUES (56, 1, 62, 3, 1, '2026-03-10 21:24:29.326947', '2026-03-10 21:44:53.048021', 3.6570) ON CONFLICT DO NOTHING;
INSERT INTO public.tbl_stock (id, type, idmerchandise, idsite, updatedbyid, creationdate, updatedate, quantity) VALUES (57, 1, 63, 3, 1, '2026-03-10 21:24:29.332008', '2026-03-10 21:44:53.051798', 4.0480) ON CONFLICT DO NOTHING;
INSERT INTO public.tbl_stock (id, type, idmerchandise, idsite, updatedbyid, creationdate, updatedate, quantity) VALUES (58, 1, 64, 3, 1, '2026-03-10 21:24:29.334986', '2026-03-10 21:44:53.05571', 30.0000) ON CONFLICT DO NOTHING;


--
-- Data for Name: tbl_stock_transfer; Type: TABLE DATA; Schema: public; Owner: postgres
--

INSERT INTO public.tbl_stock_transfer (id, exitdocumentid, receiptdocumentid, transferdate, reference, notes, transporterid, createdbyid, creationdate, status, confirmedbyid, confirmationdate, rejectionreason, confirmationcode) VALUES (70, 312, 313, '2026-03-10 16:53:24.309', 'RaouedPlage-CitéElGhazela-26-03-10-17:54', '', 3, 1, '2026-03-10 16:54:00.951371', 2, 1, '2026-03-10 16:54:41.625607', NULL, '3545') ON CONFLICT DO NOTHING;
INSERT INTO public.tbl_stock_transfer (id, exitdocumentid, receiptdocumentid, transferdate, reference, notes, transporterid, createdbyid, creationdate, status, confirmedbyid, confirmationdate, rejectionreason, confirmationcode) VALUES (71, 314, 315, '2026-03-10 16:56:33.923', 'RaouedPlage-SidiAmor-26-03-10-17:57', '', 6, 1, '2026-03-10 16:57:03.059444', 2, 2, '2026-03-10 16:58:45.132428', NULL, '6564') ON CONFLICT DO NOTHING;
INSERT INTO public.tbl_stock_transfer (id, exitdocumentid, receiptdocumentid, transferdate, reference, notes, transporterid, createdbyid, creationdate, status, confirmedbyid, confirmationdate, rejectionreason, confirmationcode) VALUES (72, 317, 318, '2026-03-10 21:51:04.624', 'RaouedPlage-CitéElGhazela-26-03-10-22:51', '', 2, 1, '2026-03-10 21:51:45.883975', 2, 1, '2026-03-10 21:52:37.721387', NULL, '6608') ON CONFLICT DO NOTHING;
INSERT INTO public.tbl_stock_transfer (id, exitdocumentid, receiptdocumentid, transferdate, reference, notes, transporterid, createdbyid, creationdate, status, confirmedbyid, confirmationdate, rejectionreason, confirmationcode) VALUES (73, 323, 324, '2026-03-13 18:42:24.368', 'RaouedPlage-CitéElGhazela-26-03-13-19:44', '', 4, 2, '2026-03-13 18:44:35.198653', 2, 1, '2026-03-13 18:46:36.367379', NULL, '6662') ON CONFLICT DO NOTHING;
INSERT INTO public.tbl_stock_transfer (id, exitdocumentid, receiptdocumentid, transferdate, reference, notes, transporterid, createdbyid, creationdate, status, confirmedbyid, confirmationdate, rejectionreason, confirmationcode) VALUES (74, 333, 334, '2026-03-14 20:00:28.556', 'RaouedPlage-SidiAmor-26-03-14-21:01', '', 4, 1, '2026-03-14 20:01:20.40381', 2, 2, '2026-03-14 20:05:26.717786', NULL, '3087') ON CONFLICT DO NOTHING;
INSERT INTO public.tbl_stock_transfer (id, exitdocumentid, receiptdocumentid, transferdate, reference, notes, transporterid, createdbyid, creationdate, status, confirmedbyid, confirmationdate, rejectionreason, confirmationcode) VALUES (75, 338, 339, '2026-03-17 20:18:26.727', 'SidiAmor-CitéElGhazela-26-03-17-21:18', '', 14, 1, '2026-03-17 20:18:46.104087', 1, NULL, NULL, NULL, '4650') ON CONFLICT DO NOTHING;
INSERT INTO public.tbl_stock_transfer (id, exitdocumentid, receiptdocumentid, transferdate, reference, notes, transporterid, createdbyid, creationdate, status, confirmedbyid, confirmationdate, rejectionreason, confirmationcode) VALUES (76, 341, 342, '2026-03-18 05:25:20.596', 'RaouedPlage-CitéElGhazela-26-03-18-06:26', '', 14, 1, '2026-03-18 05:26:54.873519', 2, 1, '2026-03-18 05:28:51.056279', NULL, '8789') ON CONFLICT DO NOTHING;


--
-- Name: tbl_account_ledger_id_seq; Type: SEQUENCE SET; Schema: public; Owner: postgres
--

SELECT pg_catalog.setval('public.tbl_account_ledger_id_seq', 46, true);


--
-- Name: tbl_app_user_id_seq; Type: SEQUENCE SET; Schema: public; Owner: postgres
--

SELECT pg_catalog.setval('public.tbl_app_user_id_seq', 14, true);


--
-- Name: tbl_appvariable_id_seq; Type: SEQUENCE SET; Schema: public; Owner: postgres
--

SELECT pg_catalog.setval('public.tbl_appvariable_id_seq', 268, true);


--
-- Name: tbl_article_id_seq; Type: SEQUENCE SET; Schema: public; Owner: postgres
--

SELECT pg_catalog.setval('public.tbl_article_id_seq', 50, true);


--
-- Name: tbl_bank_id_seq; Type: SEQUENCE SET; Schema: public; Owner: postgres
--

SELECT pg_catalog.setval('public.tbl_bank_id_seq', 2, true);


--
-- Name: tbl_counter_part_id_seq; Type: SEQUENCE SET; Schema: public; Owner: postgres
--

SELECT pg_catalog.setval('public.tbl_counter_part_id_seq', 17, true);


--
-- Name: tbl_document_id_seq; Type: SEQUENCE SET; Schema: public; Owner: postgres
--

SELECT pg_catalog.setval('public.tbl_document_id_seq', 343, true);


--
-- Name: tbl_document_merchandise_id_seq; Type: SEQUENCE SET; Schema: public; Owner: postgres
--

SELECT pg_catalog.setval('public.tbl_document_merchandise_id_seq', 472, true);


--
-- Name: tbl_enterprise_id_seq; Type: SEQUENCE SET; Schema: public; Owner: postgres
--

SELECT pg_catalog.setval('public.tbl_enterprise_id_seq', 5, true);


--
-- Name: tbl_first_child_id_seq; Type: SEQUENCE SET; Schema: public; Owner: postgres
--

SELECT pg_catalog.setval('public.tbl_first_child_id_seq', 21, true);


--
-- Name: tbl_list_of_lengths_id_seq; Type: SEQUENCE SET; Schema: public; Owner: postgres
--

SELECT pg_catalog.setval('public.tbl_list_of_lengths_id_seq', 586, true);


--
-- Name: tbl_merchandise_id_seq; Type: SEQUENCE SET; Schema: public; Owner: postgres
--

SELECT pg_catalog.setval('public.tbl_merchandise_id_seq', 70, true);


--
-- Name: tbl_parent_id_seq; Type: SEQUENCE SET; Schema: public; Owner: postgres
--

SELECT pg_catalog.setval('public.tbl_parent_id_seq', 10, true);


--
-- Name: tbl_pending_notification_id_seq; Type: SEQUENCE SET; Schema: public; Owner: postgres
--

SELECT pg_catalog.setval('public.tbl_pending_notification_id_seq', 36, true);


--
-- Name: tbl_person_id_seq; Type: SEQUENCE SET; Schema: public; Owner: postgres
--

SELECT pg_catalog.setval('public.tbl_person_id_seq', 11, true);


--
-- Name: tbl_quantity_mouvements_id_seq; Type: SEQUENCE SET; Schema: public; Owner: postgres
--

SELECT pg_catalog.setval('public.tbl_quantity_mouvements_id_seq', 172, true);


--
-- Name: tbl_sales_sites_id_seq; Type: SEQUENCE SET; Schema: public; Owner: postgres
--

SELECT pg_catalog.setval('public.tbl_sales_sites_id_seq', 3, true);


--
-- Name: tbl_sell_history_id_seq; Type: SEQUENCE SET; Schema: public; Owner: postgres
--

SELECT pg_catalog.setval('public.tbl_sell_history_id_seq', 68, true);


--
-- Name: tbl_stock_id_seq; Type: SEQUENCE SET; Schema: public; Owner: postgres
--

SELECT pg_catalog.setval('public.tbl_stock_id_seq', 66, true);


--
-- Name: tbl_stock_transfer_id_seq; Type: SEQUENCE SET; Schema: public; Owner: postgres
--

SELECT pg_catalog.setval('public.tbl_stock_transfer_id_seq', 76, true);


--
-- Name: tbl_transporter_id_seq; Type: SEQUENCE SET; Schema: public; Owner: postgres
--

SELECT pg_catalog.setval('public.tbl_transporter_id_seq', 15, true);


--
-- Name: tbl_vehicle_id_seq; Type: SEQUENCE SET; Schema: public; Owner: postgres
--

SELECT pg_catalog.setval('public.tbl_vehicle_id_seq', 20, true);


--
-- PostgreSQL database dump complete
--

